Professor ID,Branch,Description,Locality,Schedule,Home Latitude,Home Longitude
PROF-AIJO-001,AIJO,All India JAM-2025 Organising,Type 5,Work Hours: 08:00-17:00 (Mon-Fri) | Lunch Break: 12:00-13:00,28.543374669200738,77.19739607928899
PROF-CL-001,CL,Central Library,Nalanda Apt.,Work Hours: 08:00-17:00 (Mon-Fri) | Lunch Break: 12:00-13:00,28.54585482,77.18326782
PROF-CL-002,CL,Central Library,SDA,Work Hours: 08:00-17:00 (Mon-Fri) | Lunch Break: 12:00-13:00,28.549511658171532,77.19790485074229
PROF-CL-003,CL,Central Library,SDA,Work Hours: 08:00-17:00 (Mon-Fri) | Lunch Break: 12:00-13:00,28.54524591051283,77.20149392693476
PROF-CL-004,CL,Central Library,SDA,Work Hours: 08:00-17:00 (Mon-Fri) | Lunch Break: 12:00-13:00,28.547593738749566,77.19798383555234
PROF-CL-005,CL,Central Library,Type 4,Work Hours: 08:00-17:00 (Mon-Fri) | Lunch Break: 12:00-13:00,28.548307111114916,77.18660473535047
PROF-CL-006,CL,Central Library,Type 4,Work Hours: 08:00-17:00 (Mon-Fri) | Lunch Break: 12:00-13:00,28.548307111114916,77.18660473535047
PROF-CL-007,CL,Central Library,SDA,Work Hours: 08:00-17:00 (Mon-Fri) | Lunch Break: 12:00-13:00,28.549511658171532,77.19790485074229
PROF-CL-008,CL,Central Library,SDA,Work Hours: 08:00-17:00 (Mon-Fri) | Lunch Break: 12:00-13:00,28.550516626512845,77.20311432414327
PROF-CRF-001,CRF,Central Research Facility,Chattpura,Work Hours: 08:00-17:00 (Mon-Fri) | Lunch Break: 12:00-13:00,28.525514378457842,77.19491639862909
PROF-ARE-001,ARE,Centre for Applied Research in Electronics,SDA,Work Hours: 08:00-17:00 (Mon-Fri) | Lunch Break: 12:00-13:00,28.55025683283223,77.19792022624164
PROF-ARE-002,ARE,Centre for Applied Research in Electronics,SDA,Work Hours: 08:00-17:00 (Mon-Fri) | Lunch Break: 12:00-13:00,28.54524591051283,77.20149392693476
PROF-ARE-003,ARE,Centre for Applied Research in Electronics,Type 4,Work Hours: 08:00-17:00 (Mon-Fri) | Lunch Break: 12:00-13:00,28.545045417574922,77.18194880306689
PROF-ARE-004,ARE,Centre for Applied Research in Electronics,SDA,Work Hours: 08:00-17:00 (Mon-Fri) | Lunch Break: 12:00-13:00,28.549863207312644,77.20158312432359
PROF-ARE-005,ARE,Centre for Applied Research in Electronics,SDA,Work Hours: 08:00-17:00 (Mon-Fri) | Lunch Break: 12:00-13:00,28.549863207312644,77.20158312432359
PROF-ARE-006,ARE,Centre for Applied Research in Electronics,SDA,Work Hours: 08:00-17:00 (Mon-Fri) | Lunch Break: 12:00-13:00,28.55025683283223,77.19792022624164
PROF-ARE-007,ARE,Centre for Applied Research in Electronics,SDA,Work Hours: 08:00-17:00 (Mon-Fri) | Lunch Break: 12:00-13:00,28.547006045281204,77.1983858350681
PROF-ARE-008,ARE,Centre for Applied Research in Electronics,Chattpura,Work Hours: 08:00-17:00 (Mon-Fri) | Lunch Break: 12:00-13:00,28.524536434156325,77.1919812007998
PROF-ARE-009,ARE,Centre for Applied Research in Electronics,Type 4,Work Hours: 08:00-17:00 (Mon-Fri) | Lunch Break: 12:00-13:00,28.548213024599153,77.18703042734593
PROF-ARE-010,ARE,Centre for Applied Research in Electronics,SDA,Work Hours: 08:00-17:00 (Mon-Fri) | Lunch Break: 12:00-13:00,28.549511658171532,77.19790485074229
PROF-ARE-011,ARE,Centre for Applied Research in Electronics,Type 4,Work Hours: 08:00-17:00 (Mon-Fri) | Lunch Break: 12:00-13:00,28.548009620083914,77.18708922633229
PROF-ARE-012,ARE,Centre for Applied Research in Electronics,Type 4,Work Hours: 08:00-17:00 (Mon-Fri) | Lunch Break: 12:00-13:00,28.5480177958514,77.1860334484874
PROF-ARE-013,ARE,Centre for Applied Research in Electronics,Type 5,Work Hours: 08:00-17:00 (Mon-Fri) | Lunch Break: 12:00-13:00,28.548654707692307,77.18675785384616
PROF-ARE-014,ARE,Centre for Applied Research in Electronics,SDA,Work Hours: 08:00-17:00 (Mon-Fri) | Lunch Break: 12:00-13:00,28.546789597640686,77.19626633589982
PROF-ARE-015,ARE,Centre for Applied Research in Electronics,SDA,Work Hours: 08:00-17:00 (Mon-Fri) | Lunch Break: 12:00-13:00,28.549863207312644,77.20158312432359
PROF-ARE-016,ARE,Centre for Applied Research in Electronics,SDA,Work Hours: 08:00-17:00 (Mon-Fri) | Lunch Break: 12:00-13:00,28.550516626512845,77.20311432414327
PROF-AS-001,AS,Centre for Atmospheric Sciences,SDA,Work Hours: 08:00-17:00 (Mon-Fri) | Lunch Break: 12:00-13:00,28.547006045281204,77.1983858350681
PROF-AS-002,AS,Centre for Atmospheric Sciences,Type 5,Work Hours: 08:00-17:00 (Mon-Fri) | Lunch Break: 12:00-13:00,28.543659784851393,77.1969060904988
PROF-AS-003,AS,Centre for Atmospheric Sciences,Type 4,Work Hours: 08:00-17:00 (Mon-Fri) | Lunch Break: 12:00-13:00,28.545447577918868,77.18238524700153
PROF-AS-004,AS,Centre for Atmospheric Sciences,Type 4,Work Hours: 08:00-17:00 (Mon-Fri) | Lunch Break: 12:00-13:00,28.5480472,77.1868123
PROF-AS-005,AS,Centre for Atmospheric Sciences,SDA,Work Hours: 08:00-17:00 (Mon-Fri) | Lunch Break: 12:00-13:00,28.551504256104913,77.20292431989407
PROF-AS-006,AS,Centre for Atmospheric Sciences,SDA,Work Hours: 08:00-17:00 (Mon-Fri) | Lunch Break: 12:00-13:00,28.551504256104913,77.20292431989407
PROF-AS-007,AS,Centre for Atmospheric Sciences,SDA,Work Hours: 08:00-17:00 (Mon-Fri) | Lunch Break: 12:00-13:00,28.54524591051283,77.20149392693476
PROF-AS-008,AS,Centre for Atmospheric Sciences,SDA,Work Hours: 08:00-17:00 (Mon-Fri) | Lunch Break: 12:00-13:00,28.549926252030083,77.19926867111695
PROF-AS-009,AS,Centre for Atmospheric Sciences,SDA,Work Hours: 08:00-17:00 (Mon-Fri) | Lunch Break: 12:00-13:00,28.549926252030083,77.19926867111695
PROF-AS-010,AS,Centre for Atmospheric Sciences,Type 4,Work Hours: 08:00-17:00 (Mon-Fri) | Lunch Break: 12:00-13:00,28.545268,77.1824851
PROF-AS-011,AS,Centre for Atmospheric Sciences,Type 4,Work Hours: 08:00-17:00 (Mon-Fri) | Lunch Break: 12:00-13:00,28.545002579025223,77.18249506043074
PROF-AS-012,AS,Centre for Atmospheric Sciences,SDA,Work Hours: 08:00-17:00 (Mon-Fri) | Lunch Break: 12:00-13:00,28.547006045281204,77.1983858350681
PROF-AS-013,AS,Centre for Atmospheric Sciences,Chattpura,Work Hours: 08:00-17:00 (Mon-Fri) | Lunch Break: 12:00-13:00,28.52728699164709,77.19020443383705
PROF-AS-014,AS,Centre for Atmospheric Sciences,Nalanda Apt.,Work Hours: 08:00-17:00 (Mon-Fri) | Lunch Break: 12:00-13:00,28.54585482,77.18326782
PROF-AS-015,AS,Centre for Atmospheric Sciences,SDA,Work Hours: 08:00-17:00 (Mon-Fri) | Lunch Break: 12:00-13:00,28.55103329746801,77.20232165757409
PROF-AS-016,AS,Centre for Atmospheric Sciences,SDA,Work Hours: 08:00-17:00 (Mon-Fri) | Lunch Break: 12:00-13:00,28.55025683283223,77.19792022624164
PROF-AS-017,AS,Centre for Atmospheric Sciences,Type 4,Work Hours: 08:00-17:00 (Mon-Fri) | Lunch Break: 12:00-13:00,28.545015385658203,77.18258702640524
PROF-AS-018,AS,Centre for Atmospheric Sciences,Type 4,Work Hours: 08:00-17:00 (Mon-Fri) | Lunch Break: 12:00-13:00,28.545447577918868,77.18238524700153
PROF-AS-019,AS,Centre for Atmospheric Sciences,SDA,Work Hours: 08:00-17:00 (Mon-Fri) | Lunch Break: 12:00-13:00,28.55025683283223,77.19792022624164
PROF-AS-020,AS,Centre for Atmospheric Sciences,Type 4,Work Hours: 08:00-17:00 (Mon-Fri) | Lunch Break: 12:00-13:00,28.5480177958514,77.1860334484874
PROF-ART-001,ART,Centre for Automotive Research and Tribology,Nalanda Apt.,Work Hours: 08:00-17:00 (Mon-Fri) | Lunch Break: 12:00-13:00,28.54585482,77.18326782
PROF-ART-002,ART,Centre for Automotive Research and Tribology,Type 4,Work Hours: 08:00-17:00 (Mon-Fri) | Lunch Break: 12:00-13:00,28.547920179785653,77.18666862446504
PROF-ART-003,ART,Centre for Automotive Research and Tribology,SDA,Work Hours: 08:00-17:00 (Mon-Fri) | Lunch Break: 12:00-13:00,28.547006045281204,77.1983858350681
PROF-ART-004,ART,Centre for Automotive Research and Tribology,Type 4,Work Hours: 08:00-17:00 (Mon-Fri) | Lunch Break: 12:00-13:00,28.5480177958514,77.1860334484874
PROF-ART-005,ART,Centre for Automotive Research and Tribology,SDA,Work Hours: 08:00-17:00 (Mon-Fri) | Lunch Break: 12:00-13:00,28.551504256104913,77.20292431989407
PROF-ART-006,ART,Centre for Automotive Research and Tribology,Type 5,Work Hours: 08:00-17:00 (Mon-Fri) | Lunch Break: 12:00-13:00,28.543892743506845,77.1964418717659
PROF-ART-007,ART,Centre for Automotive Research and Tribology,Type 5,Work Hours: 08:00-17:00 (Mon-Fri) | Lunch Break: 12:00-13:00,28.543659784851393,77.1969060904988
PROF-ART-008,ART,Centre for Automotive Research and Tribology,Type 4,Work Hours: 08:00-17:00 (Mon-Fri) | Lunch Break: 12:00-13:00,28.548459669605684,77.18726978407116
PROF-ART-009,ART,Centre for Automotive Research and Tribology,SDA,Work Hours: 08:00-17:00 (Mon-Fri) | Lunch Break: 12:00-13:00,28.550151033461166,77.2033898428355
PROF-ART-010,ART,Centre for Automotive Research and Tribology,Type 5,Work Hours: 08:00-17:00 (Mon-Fri) | Lunch Break: 12:00-13:00,28.54733810769231,77.18737388461538
PROF-ART-011,ART,Centre for Automotive Research and Tribology,Type 4,Work Hours: 08:00-17:00 (Mon-Fri) | Lunch Break: 12:00-13:00,28.54539580532508,77.1827515748043
PROF-ART-012,ART,Centre for Automotive Research and Tribology,Type 4,Work Hours: 08:00-17:00 (Mon-Fri) | Lunch Break: 12:00-13:00,28.547920179785653,77.18666862446504
PROF-BE-001,BE,Centre for Biomedical Engineering,Type 5,Work Hours: 08:00-17:00 (Mon-Fri) | Lunch Break: 12:00-13:00,28.543297625664366,77.19693245475156
PROF-BE-002,BE,Centre for Biomedical Engineering,Type 5,Work Hours: 08:00-17:00 (Mon-Fri) | Lunch Break: 12:00-13:00,28.544109158286513,77.19714253370135
PROF-BE-003,BE,Centre for Biomedical Engineering,SDA,Work Hours: 08:00-17:00 (Mon-Fri) | Lunch Break: 12:00-13:00,28.54524591051283,77.20149392693476
PROF-BE-004,BE,Centre for Biomedical Engineering,Type 5,Work Hours: 08:00-17:00 (Mon-Fri) | Lunch Break: 12:00-13:00,28.548654707692307,77.18675785384616
PROF-BE-005,BE,Centre for Biomedical Engineering,SDA,Work Hours: 08:00-17:00 (Mon-Fri) | Lunch Break: 12:00-13:00,28.549863207312644,77.20158312432359
PROF-BE-006,BE,Centre for Biomedical Engineering,SDA,Work Hours: 08:00-17:00 (Mon-Fri) | Lunch Break: 12:00-13:00,28.549863207312644,77.20158312432359
PROF-BE-007,BE,Centre for Biomedical Engineering,New Multi Story,Work Hours: 08:00-17:00 (Mon-Fri) | Lunch Break: 12:00-13:00,28.5450044,77.1817453
PROF-BE-008,BE,Centre for Biomedical Engineering,Type 4,Work Hours: 08:00-17:00 (Mon-Fri) | Lunch Break: 12:00-13:00,28.54814281282443,77.18675792243887
PROF-BE-009,BE,Centre for Biomedical Engineering,SDA,Work Hours: 08:00-17:00 (Mon-Fri) | Lunch Break: 12:00-13:00,28.546789597640686,77.19626633589982
PROF-BE-010,BE,Centre for Biomedical Engineering,Type 4,Work Hours: 08:00-17:00 (Mon-Fri) | Lunch Break: 12:00-13:00,28.548009620083914,77.18708922633229
PROF-BE-011,BE,Centre for Biomedical Engineering,Chattpura,Work Hours: 08:00-17:00 (Mon-Fri) | Lunch Break: 12:00-13:00,28.527146942061034,77.19485248389145
PROF-BE-012,BE,Centre for Biomedical Engineering,SDA,Work Hours: 08:00-17:00 (Mon-Fri) | Lunch Break: 12:00-13:00,28.55103329746801,77.20232165757409
PROF-BE-013,BE,Centre for Biomedical Engineering,Type 4,Work Hours: 08:00-17:00 (Mon-Fri) | Lunch Break: 12:00-13:00,28.5480177958514,77.1860334484874
PROF-BE-014,BE,Centre for Biomedical Engineering,Type 5,Work Hours: 08:00-17:00 (Mon-Fri) | Lunch Break: 12:00-13:00,28.543842978532663,77.19724338092898
PROF-BE-015,BE,Centre for Biomedical Engineering,Type 4,Work Hours: 08:00-17:00 (Mon-Fri) | Lunch Break: 12:00-13:00,28.547984850971325,77.1869061657239
PROF-BE-016,BE,Centre for Biomedical Engineering,SDA,Work Hours: 08:00-17:00 (Mon-Fri) | Lunch Break: 12:00-13:00,28.547006045281204,77.1983858350681
PROF-BE-017,BE,Centre for Biomedical Engineering,Type 5,Work Hours: 08:00-17:00 (Mon-Fri) | Lunch Break: 12:00-13:00,28.543892743506845,77.1964418717659
PROF-BE-018,BE,Centre for Biomedical Engineering,Chattpura,Work Hours: 08:00-17:00 (Mon-Fri) | Lunch Break: 12:00-13:00,28.527146942061034,77.19485248389145
PROF-BE-019,BE,Centre for Biomedical Engineering,SDA,Work Hours: 08:00-17:00 (Mon-Fri) | Lunch Break: 12:00-13:00,28.550385249394157,77.20326861844832
PROF-BE-020,BE,Centre for Biomedical Engineering,Type 5,Work Hours: 08:00-17:00 (Mon-Fri) | Lunch Break: 12:00-13:00,28.547795411764707,77.18750731764706
PROF-BE-021,BE,Centre for Biomedical Engineering,Type 4,Work Hours: 08:00-17:00 (Mon-Fri) | Lunch Break: 12:00-13:00,28.54539580532508,77.1827515748043
PROF-BE-022,BE,Centre for Biomedical Engineering,SDA,Work Hours: 08:00-17:00 (Mon-Fri) | Lunch Break: 12:00-13:00,28.550385249394157,77.20326861844832
PROF-RDT-001,RDT,Centre for Rural Development and Technology,SDA,Work Hours: 08:00-17:00 (Mon-Fri) | Lunch Break: 12:00-13:00,28.547593738749566,77.19798383555234
PROF-RDT-002,RDT,Centre for Rural Development and Technology,SDA,Work Hours: 08:00-17:00 (Mon-Fri) | Lunch Break: 12:00-13:00,28.549926252030083,77.19926867111695
PROF-RDT-003,RDT,Centre for Rural Development and Technology,Type 4,Work Hours: 08:00-17:00 (Mon-Fri) | Lunch Break: 12:00-13:00,28.544988879292514,77.18207899261974
PROF-RDT-004,RDT,Centre for Rural Development and Technology,Type 4,Work Hours: 08:00-17:00 (Mon-Fri) | Lunch Break: 12:00-13:00,28.544886732771126,77.18261133062138
PROF-RDT-005,RDT,Centre for Rural Development and Technology,SDA,Work Hours: 08:00-17:00 (Mon-Fri) | Lunch Break: 12:00-13:00,28.551504256104913,77.20292431989407
PROF-RDT-006,RDT,Centre for Rural Development and Technology,Type 5,Work Hours: 08:00-17:00 (Mon-Fri) | Lunch Break: 12:00-13:00,28.543892743506845,77.1964418717659
PROF-RDT-007,RDT,Centre for Rural Development and Technology,SDA,Work Hours: 08:00-17:00 (Mon-Fri) | Lunch Break: 12:00-13:00,28.546404551246027,77.19894213275559
PROF-RDT-008,RDT,Centre for Rural Development and Technology,Type 4,Work Hours: 08:00-17:00 (Mon-Fri) | Lunch Break: 12:00-13:00,28.548009620083914,77.18708922633229
PROF-RDT-009,RDT,Centre for Rural Development and Technology,Type 4,Work Hours: 08:00-17:00 (Mon-Fri) | Lunch Break: 12:00-13:00,28.548187827256495,77.1865158128228
PROF-RDT-010,RDT,Centre for Rural Development and Technology,SDA,Work Hours: 08:00-17:00 (Mon-Fri) | Lunch Break: 12:00-13:00,28.546789597640686,77.19626633589982
PROF-RDT-011,RDT,Centre for Rural Development and Technology,Type 5,Work Hours: 08:00-17:00 (Mon-Fri) | Lunch Break: 12:00-13:00,28.543659784851393,77.1969060904988
PROF-RDT-012,RDT,Centre for Rural Development and Technology,Type 4,Work Hours: 08:00-17:00 (Mon-Fri) | Lunch Break: 12:00-13:00,28.5480472,77.1868123
PROF-RDT-013,RDT,Centre for Rural Development and Technology,Type 4,Work Hours: 08:00-17:00 (Mon-Fri) | Lunch Break: 12:00-13:00,28.54511315685864,77.18263569267164
PROF-RDT-014,RDT,Centre for Rural Development and Technology,Type 4,Work Hours: 08:00-17:00 (Mon-Fri) | Lunch Break: 12:00-13:00,28.545015385658203,77.18258702640524
PROF-RDT-015,RDT,Centre for Rural Development and Technology,Type 4,Work Hours: 08:00-17:00 (Mon-Fri) | Lunch Break: 12:00-13:00,28.545447577918868,77.18238524700153
PROF-RDT-016,RDT,Centre for Rural Development and Technology,SDA,Work Hours: 08:00-17:00 (Mon-Fri) | Lunch Break: 12:00-13:00,28.551223696711133,77.20291315472657
PROF-SICPSE-001,SICPSE,"Centre for Sensors, Instrumentation and Cyber Physical System Engineering",SDA,Work Hours: 08:00-17:00 (Mon-Fri) | Lunch Break: 12:00-13:00,28.550151033461166,77.2033898428355
PROF-SICPSE-002,SICPSE,"Centre for Sensors, Instrumentation and Cyber Physical System Engineering",SDA,Work Hours: 08:00-17:00 (Mon-Fri) | Lunch Break: 12:00-13:00,28.546789597640686,77.19626633589982
PROF-SICPSE-003,SICPSE,"Centre for Sensors, Instrumentation and Cyber Physical System Engineering",SDA,Work Hours: 08:00-17:00 (Mon-Fri) | Lunch Break: 12:00-13:00,28.549863207312644,77.20158312432359
PROF-SICPSE-004,SICPSE,"Centre for Sensors, Instrumentation and Cyber Physical System Engineering",Type 5,Work Hours: 08:00-17:00 (Mon-Fri) | Lunch Break: 12:00-13:00,28.543842978532663,77.19724338092898
PROF-SICPSE-005,SICPSE,"Centre for Sensors, Instrumentation and Cyber Physical System Engineering",Type 4,Work Hours: 08:00-17:00 (Mon-Fri) | Lunch Break: 12:00-13:00,28.547920179785653,77.18666862446504
PROF-SICPSE-006,SICPSE,"Centre for Sensors, Instrumentation and Cyber Physical System Engineering",Type 4,Work Hours: 08:00-17:00 (Mon-Fri) | Lunch Break: 12:00-13:00,28.545268,77.1824851
PROF-SICPSE-007,SICPSE,"Centre for Sensors, Instrumentation and Cyber Physical System Engineering",Type 4,Work Hours: 08:00-17:00 (Mon-Fri) | Lunch Break: 12:00-13:00,28.547984850971325,77.1869061657239
PROF-SICPSE-008,SICPSE,"Centre for Sensors, Instrumentation and Cyber Physical System Engineering",SDA,Work Hours: 08:00-17:00 (Mon-Fri) | Lunch Break: 12:00-13:00,28.546404551246027,77.19894213275559
PROF-SICPSE-009,SICPSE,"Centre for Sensors, Instrumentation and Cyber Physical System Engineering",SDA,Work Hours: 08:00-17:00 (Mon-Fri) | Lunch Break: 12:00-13:00,28.550385249394157,77.20326861844832
PROF-SICPSE-010,SICPSE,"Centre for Sensors, Instrumentation and Cyber Physical System Engineering",New Multi Story,Work Hours: 08:00-17:00 (Mon-Fri) | Lunch Break: 12:00-13:00,28.5433179,77.180888
PROF-CS-001,CS,Computer Services Centre,Chattpura,Work Hours: 08:00-17:00 (Mon-Fri) | Lunch Break: 12:00-13:00,28.524498206257892,77.19410425951267
PROF-CS-002,CS,Computer Services Centre,Type 4,Work Hours: 08:00-17:00 (Mon-Fri) | Lunch Break: 12:00-13:00,28.54511315685864,77.18263569267164
PROF-CS-003,CS,Computer Services Centre,SDA,Work Hours: 08:00-17:00 (Mon-Fri) | Lunch Break: 12:00-13:00,28.547593738749566,77.19798383555234
PROF-CS-004,CS,Computer Services Centre,SDA,Work Hours: 08:00-17:00 (Mon-Fri) | Lunch Break: 12:00-13:00,28.547593738749566,77.19798383555234
PROF-CS-005,CS,Computer Services Centre,New Multi Story,Work Hours: 08:00-17:00 (Mon-Fri) | Lunch Break: 12:00-13:00,28.5450044,77.1817453
PROF-CS-006,CS,Computer Services Centre,Type 4,Work Hours: 08:00-17:00 (Mon-Fri) | Lunch Break: 12:00-13:00,28.54511315685864,77.18263569267164
PROF-CS-007,CS,Computer Services Centre,Type 4,Work Hours: 08:00-17:00 (Mon-Fri) | Lunch Break: 12:00-13:00,28.5480472,77.1868123
PROF-CS-008,CS,Computer Services Centre,New Multi Story,Work Hours: 08:00-17:00 (Mon-Fri) | Lunch Break: 12:00-13:00,28.5433179,77.180888
PROF-CS-009,CS,Computer Services Centre,SDA,Work Hours: 08:00-17:00 (Mon-Fri) | Lunch Break: 12:00-13:00,28.549511658171532,77.19790485074229
PROF-CS-010,CS,Computer Services Centre,Type 4,Work Hours: 08:00-17:00 (Mon-Fri) | Lunch Break: 12:00-13:00,28.548307111114916,77.18660473535047
PROF-CS-011,CS,Computer Services Centre,New Multi Story,Work Hours: 08:00-17:00 (Mon-Fri) | Lunch Break: 12:00-13:00,28.5433179,77.180888
PROF-CS-012,CS,Computer Services Centre,Type 4,Work Hours: 08:00-17:00 (Mon-Fri) | Lunch Break: 12:00-13:00,28.54814281282443,77.18675792243887
PROF-CS-013,CS,Computer Services Centre,SDA,Work Hours: 08:00-17:00 (Mon-Fri) | Lunch Break: 12:00-13:00,28.550516626512845,77.20311432414327
PROF-CS-014,CS,Computer Services Centre,SDA,Work Hours: 08:00-17:00 (Mon-Fri) | Lunch Break: 12:00-13:00,28.546789597640686,77.19626633589982
PROF-CS-015,CS,Computer Services Centre,Chattpura,Work Hours: 08:00-17:00 (Mon-Fri) | Lunch Break: 12:00-13:00,28.524091137412203,77.1924536833434
PROF-CS-016,CS,Computer Services Centre,SDA,Work Hours: 08:00-17:00 (Mon-Fri) | Lunch Break: 12:00-13:00,28.54524591051283,77.20149392693476
PROF-CS-017,CS,Computer Services Centre,SDA,Work Hours: 08:00-17:00 (Mon-Fri) | Lunch Break: 12:00-13:00,28.547006045281204,77.1983858350681
PROF-CS-018,CS,Computer Services Centre,SDA,Work Hours: 08:00-17:00 (Mon-Fri) | Lunch Break: 12:00-13:00,28.550385249394157,77.20326861844832
PROF-CS-019,CS,Computer Services Centre,SDA,Work Hours: 08:00-17:00 (Mon-Fri) | Lunch Break: 12:00-13:00,28.546789597640686,77.19626633589982
PROF-CS-020,CS,Computer Services Centre,SDA,Work Hours: 08:00-17:00 (Mon-Fri) | Lunch Break: 12:00-13:00,28.55025683283223,77.19792022624164
PROF-AM-001,AM,Department of Applied Mechanics,SDA,Work Hours: 08:00-17:00 (Mon-Fri) | Lunch Break: 12:00-13:00,28.546404551246027,77.19894213275559
PROF-AM-002,AM,Department of Applied Mechanics,Chattpura,Work Hours: 08:00-17:00 (Mon-Fri) | Lunch Break: 12:00-13:00,28.524536434156325,77.1919812007998
PROF-AM-003,AM,Department of Applied Mechanics,SDA,Work Hours: 08:00-17:00 (Mon-Fri) | Lunch Break: 12:00-13:00,28.55025683283223,77.19792022624164
PROF-AM-004,AM,Department of Applied Mechanics,SDA,Work Hours: 08:00-17:00 (Mon-Fri) | Lunch Break: 12:00-13:00,28.551223696711133,77.20291315472657
PROF-AM-005,AM,Department of Applied Mechanics,Type 4,Work Hours: 08:00-17:00 (Mon-Fri) | Lunch Break: 12:00-13:00,28.544988879292514,77.18207899261974
PROF-AM-006,AM,Department of Applied Mechanics,SDA,Work Hours: 08:00-17:00 (Mon-Fri) | Lunch Break: 12:00-13:00,28.547593738749566,77.19798383555234
PROF-AM-007,AM,Department of Applied Mechanics,Type 4,Work Hours: 08:00-17:00 (Mon-Fri) | Lunch Break: 12:00-13:00,28.548009620083914,77.18708922633229
PROF-AM-008,AM,Department of Applied Mechanics,Type 4,Work Hours: 08:00-17:00 (Mon-Fri) | Lunch Break: 12:00-13:00,28.54814281282443,77.18675792243887
PROF-AM-009,AM,Department of Applied Mechanics,Type 5,Work Hours: 08:00-17:00 (Mon-Fri) | Lunch Break: 12:00-13:00,28.544109158286513,77.19714253370135
PROF-AM-010,AM,Department of Applied Mechanics,SDA,Work Hours: 08:00-17:00 (Mon-Fri) | Lunch Break: 12:00-13:00,28.550385249394157,77.20326861844832
PROF-AM-011,AM,Department of Applied Mechanics,Type 4,Work Hours: 08:00-17:00 (Mon-Fri) | Lunch Break: 12:00-13:00,28.548187827256495,77.1865158128228
PROF-AM-012,AM,Department of Applied Mechanics,SDA,Work Hours: 08:00-17:00 (Mon-Fri) | Lunch Break: 12:00-13:00,28.546404551246027,77.19894213275559
PROF-AM-013,AM,Department of Applied Mechanics,Type 5,Work Hours: 08:00-17:00 (Mon-Fri) | Lunch Break: 12:00-13:00,28.547795411764707,77.18750731764706
PROF-AM-014,AM,Department of Applied Mechanics,Type 5,Work Hours: 08:00-17:00 (Mon-Fri) | Lunch Break: 12:00-13:00,28.543374669200738,77.19739607928899
PROF-AM-015,AM,Department of Applied Mechanics,SDA,Work Hours: 08:00-17:00 (Mon-Fri) | Lunch Break: 12:00-13:00,28.547006045281204,77.1983858350681
PROF-AM-016,AM,Department of Applied Mechanics,SDA,Work Hours: 08:00-17:00 (Mon-Fri) | Lunch Break: 12:00-13:00,28.55025683283223,77.19792022624164
PROF-AM-017,AM,Department of Applied Mechanics,SDA,Work Hours: 08:00-17:00 (Mon-Fri) | Lunch Break: 12:00-13:00,28.549511658171532,77.19790485074229
PROF-AM-018,AM,Department of Applied Mechanics,SDA,Work Hours: 08:00-17:00 (Mon-Fri) | Lunch Break: 12:00-13:00,28.550516626512845,77.20311432414327
PROF-AM-019,AM,Department of Applied Mechanics,New Multi Story,Work Hours: 08:00-17:00 (Mon-Fri) | Lunch Break: 12:00-13:00,28.5450044,77.1817453
PROF-AM-020,AM,Department of Applied Mechanics,SDA,Work Hours: 08:00-17:00 (Mon-Fri) | Lunch Break: 12:00-13:00,28.549511658171532,77.19790485074229
PROF-AM-021,AM,Department of Applied Mechanics,SDA,Work Hours: 08:00-17:00 (Mon-Fri) | Lunch Break: 12:00-13:00,28.546404551246027,77.19894213275559
PROF-AM-022,AM,Department of Applied Mechanics,Type 4,Work Hours: 08:00-17:00 (Mon-Fri) | Lunch Break: 12:00-13:00,28.544988879292514,77.18207899261974
PROF-AM-023,AM,Department of Applied Mechanics,SDA,Work Hours: 08:00-17:00 (Mon-Fri) | Lunch Break: 12:00-13:00,28.547006045281204,77.1983858350681
PROF-AM-024,AM,Department of Applied Mechanics,Type 5,Work Hours: 08:00-17:00 (Mon-Fri) | Lunch Break: 12:00-13:00,28.547795411764707,77.18750731764706
PROF-AM-025,AM,Department of Applied Mechanics,New Multi Story,Work Hours: 08:00-17:00 (Mon-Fri) | Lunch Break: 12:00-13:00,28.5450044,77.1817453
PROF-AM-026,AM,Department of Applied Mechanics,Type 4,Work Hours: 08:00-17:00 (Mon-Fri) | Lunch Break: 12:00-13:00,28.54814281282443,77.18675792243887
PROF-AM-027,AM,Department of Applied Mechanics,SDA,Work Hours: 08:00-17:00 (Mon-Fri) | Lunch Break: 12:00-13:00,28.546789597640686,77.19626633589982
PROF-AM-028,AM,Department of Applied Mechanics,Type 5,Work Hours: 08:00-17:00 (Mon-Fri) | Lunch Break: 12:00-13:00,28.543892743506845,77.1964418717659
PROF-AM-029,AM,Department of Applied Mechanics,New Multi Story,Work Hours: 08:00-17:00 (Mon-Fri) | Lunch Break: 12:00-13:00,28.5450044,77.1817453
PROF-AM-030,AM,Department of Applied Mechanics,Type 4,Work Hours: 08:00-17:00 (Mon-Fri) | Lunch Break: 12:00-13:00,28.548187827256495,77.1865158128228
PROF-AM-031,AM,Department of Applied Mechanics,SDA,Work Hours: 08:00-17:00 (Mon-Fri) | Lunch Break: 12:00-13:00,28.55103329746801,77.20232165757409
PROF-AM-032,AM,Department of Applied Mechanics,SDA,Work Hours: 08:00-17:00 (Mon-Fri) | Lunch Break: 12:00-13:00,28.547593738749566,77.19798383555234
PROF-AM-033,AM,Department of Applied Mechanics,Type 4,Work Hours: 08:00-17:00 (Mon-Fri) | Lunch Break: 12:00-13:00,28.544886732771126,77.18261133062138
PROF-AM-034,AM,Department of Applied Mechanics,SDA,Work Hours: 08:00-17:00 (Mon-Fri) | Lunch Break: 12:00-13:00,28.54524591051283,77.20149392693476
PROF-AM-035,AM,Department of Applied Mechanics,New Multi Story,Work Hours: 08:00-17:00 (Mon-Fri) | Lunch Break: 12:00-13:00,28.5433179,77.180888
PROF-AM-036,AM,Department of Applied Mechanics,Type 4,Work Hours: 08:00-17:00 (Mon-Fri) | Lunch Break: 12:00-13:00,28.54511315685864,77.18263569267164
PROF-AM-037,AM,Department of Applied Mechanics,SDA,Work Hours: 08:00-17:00 (Mon-Fri) | Lunch Break: 12:00-13:00,28.550516626512845,77.20311432414327
PROF-AM-038,AM,Department of Applied Mechanics,SDA,Work Hours: 08:00-17:00 (Mon-Fri) | Lunch Break: 12:00-13:00,28.549926252030083,77.19926867111695
PROF-BEB-001,BEB,Department of Biochemical Engineering and Biotechnology,SDA,Work Hours: 08:00-17:00 (Mon-Fri) | Lunch Break: 12:00-13:00,28.550385249394157,77.20326861844832
PROF-BEB-002,BEB,Department of Biochemical Engineering and Biotechnology,SDA,Work Hours: 08:00-17:00 (Mon-Fri) | Lunch Break: 12:00-13:00,28.550516626512845,77.20311432414327
PROF-BEB-003,BEB,Department of Biochemical Engineering and Biotechnology,Chattpura,Work Hours: 08:00-17:00 (Mon-Fri) | Lunch Break: 12:00-13:00,28.527146942061034,77.19485248389145
PROF-BEB-004,BEB,Department of Biochemical Engineering and Biotechnology,Type 4,Work Hours: 08:00-17:00 (Mon-Fri) | Lunch Break: 12:00-13:00,28.547920179785653,77.18666862446504
PROF-BEB-005,BEB,Department of Biochemical Engineering and Biotechnology,Type 4,Work Hours: 08:00-17:00 (Mon-Fri) | Lunch Break: 12:00-13:00,28.54539580532508,77.1827515748043
PROF-BEB-006,BEB,Department of Biochemical Engineering and Biotechnology,SDA,Work Hours: 08:00-17:00 (Mon-Fri) | Lunch Break: 12:00-13:00,28.54524591051283,77.20149392693476
PROF-BEB-007,BEB,Department of Biochemical Engineering and Biotechnology,Type 4,Work Hours: 08:00-17:00 (Mon-Fri) | Lunch Break: 12:00-13:00,28.548213024599153,77.18703042734593
PROF-BEB-008,BEB,Department of Biochemical Engineering and Biotechnology,SDA,Work Hours: 08:00-17:00 (Mon-Fri) | Lunch Break: 12:00-13:00,28.55025683283223,77.19792022624164
PROF-BEB-009,BEB,Department of Biochemical Engineering and Biotechnology,Type 5,Work Hours: 08:00-17:00 (Mon-Fri) | Lunch Break: 12:00-13:00,28.548654707692307,77.18675785384616
PROF-BEB-010,BEB,Department of Biochemical Engineering and Biotechnology,Type 4,Work Hours: 08:00-17:00 (Mon-Fri) | Lunch Break: 12:00-13:00,28.54759453010438,77.18704523653373
PROF-BEB-011,BEB,Department of Biochemical Engineering and Biotechnology,SDA,Work Hours: 08:00-17:00 (Mon-Fri) | Lunch Break: 12:00-13:00,28.546789597640686,77.19626633589982
PROF-BEB-012,BEB,Department of Biochemical Engineering and Biotechnology,Type 5,Work Hours: 08:00-17:00 (Mon-Fri) | Lunch Break: 12:00-13:00,28.5437311,77.197072
PROF-BEB-013,BEB,Department of Biochemical Engineering and Biotechnology,Type 4,Work Hours: 08:00-17:00 (Mon-Fri) | Lunch Break: 12:00-13:00,28.544988879292514,77.18207899261974
PROF-BEB-014,BEB,Department of Biochemical Engineering and Biotechnology,Type 4,Work Hours: 08:00-17:00 (Mon-Fri) | Lunch Break: 12:00-13:00,28.544988879292514,77.18207899261974
PROF-BEB-015,BEB,Department of Biochemical Engineering and Biotechnology,SDA,Work Hours: 08:00-17:00 (Mon-Fri) | Lunch Break: 12:00-13:00,28.550516626512845,77.20311432414327
PROF-BEB-016,BEB,Department of Biochemical Engineering and Biotechnology,Type 4,Work Hours: 08:00-17:00 (Mon-Fri) | Lunch Break: 12:00-13:00,28.547984850971325,77.1869061657239
PROF-BEB-017,BEB,Department of Biochemical Engineering and Biotechnology,SDA,Work Hours: 08:00-17:00 (Mon-Fri) | Lunch Break: 12:00-13:00,28.55103329746801,77.20232165757409
PROF-BEB-018,BEB,Department of Biochemical Engineering and Biotechnology,Chattpura,Work Hours: 08:00-17:00 (Mon-Fri) | Lunch Break: 12:00-13:00,28.52416618004905,77.19270594438103
PROF-BEB-019,BEB,Department of Biochemical Engineering and Biotechnology,SDA,Work Hours: 08:00-17:00 (Mon-Fri) | Lunch Break: 12:00-13:00,28.547593738749566,77.19798383555234
PROF-BEB-020,BEB,Department of Biochemical Engineering and Biotechnology,SDA,Work Hours: 08:00-17:00 (Mon-Fri) | Lunch Break: 12:00-13:00,28.550516626512845,77.20311432414327
PROF-BEB-021,BEB,Department of Biochemical Engineering and Biotechnology,SDA,Work Hours: 08:00-17:00 (Mon-Fri) | Lunch Break: 12:00-13:00,28.546404551246027,77.19894213275559
PROF-BEB-022,BEB,Department of Biochemical Engineering and Biotechnology,SDA,Work Hours: 08:00-17:00 (Mon-Fri) | Lunch Break: 12:00-13:00,28.550151033461166,77.2033898428355
PROF-BEB-023,BEB,Department of Biochemical Engineering and Biotechnology,Type 4,Work Hours: 08:00-17:00 (Mon-Fri) | Lunch Break: 12:00-13:00,28.545268,77.1824851
PROF-CE-001,CE,Department of Chemical Engineering,SDA,Work Hours: 08:00-17:00 (Mon-Fri) | Lunch Break: 12:00-13:00,28.550516626512845,77.20311432414327
PROF-CE-002,CE,Department of Chemical Engineering,Type 4,Work Hours: 08:00-17:00 (Mon-Fri) | Lunch Break: 12:00-13:00,28.5480472,77.1868123
PROF-CE-003,CE,Department of Chemical Engineering,SDA,Work Hours: 08:00-17:00 (Mon-Fri) | Lunch Break: 12:00-13:00,28.550516626512845,77.20311432414327
PROF-CE-004,CE,Department of Chemical Engineering,Type 4,Work Hours: 08:00-17:00 (Mon-Fri) | Lunch Break: 12:00-13:00,28.545447577918868,77.18238524700153
PROF-CE-005,CE,Department of Chemical Engineering,SDA,Work Hours: 08:00-17:00 (Mon-Fri) | Lunch Break: 12:00-13:00,28.549511658171532,77.19790485074229
PROF-CE-006,CE,Department of Chemical Engineering,SDA,Work Hours: 08:00-17:00 (Mon-Fri) | Lunch Break: 12:00-13:00,28.547593738749566,77.19798383555234
PROF-CE-007,CE,Department of Chemical Engineering,SDA,Work Hours: 08:00-17:00 (Mon-Fri) | Lunch Break: 12:00-13:00,28.54524591051283,77.20149392693476
PROF-CE-008,CE,Department of Chemical Engineering,SDA,Work Hours: 08:00-17:00 (Mon-Fri) | Lunch Break: 12:00-13:00,28.55103329746801,77.20232165757409
PROF-CE-009,CE,Department of Chemical Engineering,Chattpura,Work Hours: 08:00-17:00 (Mon-Fri) | Lunch Break: 12:00-13:00,28.527724139793044,77.19406611422293
PROF-CE-010,CE,Department of Chemical Engineering,Chattpura,Work Hours: 08:00-17:00 (Mon-Fri) | Lunch Break: 12:00-13:00,28.5248953473511,77.19682374462963
PROF-CE-011,CE,Department of Chemical Engineering,SDA,Work Hours: 08:00-17:00 (Mon-Fri) | Lunch Break: 12:00-13:00,28.550385249394157,77.20326861844832
PROF-CE-012,CE,Department of Chemical Engineering,Type 4,Work Hours: 08:00-17:00 (Mon-Fri) | Lunch Break: 12:00-13:00,28.548459669605684,77.18726978407116
PROF-CE-013,CE,Department of Chemical Engineering,Type 4,Work Hours: 08:00-17:00 (Mon-Fri) | Lunch Break: 12:00-13:00,28.547984850971325,77.1869061657239
PROF-CE-014,CE,Department of Chemical Engineering,Type 4,Work Hours: 08:00-17:00 (Mon-Fri) | Lunch Break: 12:00-13:00,28.545045417574922,77.18194880306689
PROF-CE-015,CE,Department of Chemical Engineering,Type 5,Work Hours: 08:00-17:00 (Mon-Fri) | Lunch Break: 12:00-13:00,28.54733810769231,77.18737388461538
PROF-CE-016,CE,Department of Chemical Engineering,Type 5,Work Hours: 08:00-17:00 (Mon-Fri) | Lunch Break: 12:00-13:00,28.543659784851393,77.1969060904988
PROF-CE-017,CE,Department of Chemical Engineering,New Multi Story,Work Hours: 08:00-17:00 (Mon-Fri) | Lunch Break: 12:00-13:00,28.5450044,77.1817453
PROF-CE-018,CE,Department of Chemical Engineering,New Multi Story,Work Hours: 08:00-17:00 (Mon-Fri) | Lunch Break: 12:00-13:00,28.5450044,77.1817453
PROF-CE-019,CE,Department of Chemical Engineering,SDA,Work Hours: 08:00-17:00 (Mon-Fri) | Lunch Break: 12:00-13:00,28.54524591051283,77.20149392693476
PROF-CE-020,CE,Department of Chemical Engineering,New Multi Story,Work Hours: 08:00-17:00 (Mon-Fri) | Lunch Break: 12:00-13:00,28.5433179,77.180888
PROF-CE-021,CE,Department of Chemical Engineering,New Multi Story,Work Hours: 08:00-17:00 (Mon-Fri) | Lunch Break: 12:00-13:00,28.5450044,77.1817453
PROF-CE-022,CE,Department of Chemical Engineering,Nalanda Apt.,Work Hours: 08:00-17:00 (Mon-Fri) | Lunch Break: 12:00-13:00,28.54585482,77.18326782
PROF-CE-023,CE,Department of Chemical Engineering,Nalanda Apt.,Work Hours: 08:00-17:00 (Mon-Fri) | Lunch Break: 12:00-13:00,28.54585482,77.18326782
PROF-CE-024,CE,Department of Chemical Engineering,SDA,Work Hours: 08:00-17:00 (Mon-Fri) | Lunch Break: 12:00-13:00,28.550385249394157,77.20326861844832
PROF-CE-025,CE,Department of Chemical Engineering,Type 5,Work Hours: 08:00-17:00 (Mon-Fri) | Lunch Break: 12:00-13:00,28.548654707692307,77.18675785384616
PROF-CE-026,CE,Department of Chemical Engineering,Chattpura,Work Hours: 08:00-17:00 (Mon-Fri) | Lunch Break: 12:00-13:00,28.525278862222933,77.19474585451268
PROF-CE-027,CE,Department of Chemical Engineering,Type 4,Work Hours: 08:00-17:00 (Mon-Fri) | Lunch Break: 12:00-13:00,28.544988879292514,77.18207899261974
PROF-CE-028,CE,Department of Chemical Engineering,Type 4,Work Hours: 08:00-17:00 (Mon-Fri) | Lunch Break: 12:00-13:00,28.544719908847366,77.1825712666906
PROF-CE-029,CE,Department of Chemical Engineering,SDA,Work Hours: 08:00-17:00 (Mon-Fri) | Lunch Break: 12:00-13:00,28.549863207312644,77.20158312432359
PROF-CE-030,CE,Department of Chemical Engineering,SDA,Work Hours: 08:00-17:00 (Mon-Fri) | Lunch Break: 12:00-13:00,28.54524591051283,77.20149392693476
PROF-CE-031,CE,Department of Chemical Engineering,SDA,Work Hours: 08:00-17:00 (Mon-Fri) | Lunch Break: 12:00-13:00,28.55103329746801,77.20232165757409
PROF-CE-032,CE,Department of Chemical Engineering,SDA,Work Hours: 08:00-17:00 (Mon-Fri) | Lunch Break: 12:00-13:00,28.550385249394157,77.20326861844832
PROF-CHE-001,CHE,Department of Chemistry,Type 5,Work Hours: 08:00-17:00 (Mon-Fri) | Lunch Break: 12:00-13:00,28.547799088235294,77.18699740588235
PROF-CHE-002,CHE,Department of Chemistry,Nalanda Apt.,Work Hours: 08:00-17:00 (Mon-Fri) | Lunch Break: 12:00-13:00,28.54585482,77.18326782
PROF-CHE-003,CHE,Department of Chemistry,SDA,Work Hours: 08:00-17:00 (Mon-Fri) | Lunch Break: 12:00-13:00,28.549863207312644,77.20158312432359
PROF-CHE-004,CHE,Department of Chemistry,Type 4,Work Hours: 08:00-17:00 (Mon-Fri) | Lunch Break: 12:00-13:00,28.54511315685864,77.18263569267164
PROF-CHE-005,CHE,Department of Chemistry,SDA,Work Hours: 08:00-17:00 (Mon-Fri) | Lunch Break: 12:00-13:00,28.546789597640686,77.19626633589982
PROF-CHE-006,CHE,Department of Chemistry,Type 4,Work Hours: 08:00-17:00 (Mon-Fri) | Lunch Break: 12:00-13:00,28.547920179785653,77.18666862446504
PROF-CHE-007,CHE,Department of Chemistry,SDA,Work Hours: 08:00-17:00 (Mon-Fri) | Lunch Break: 12:00-13:00,28.55103329746801,77.20232165757409
PROF-CHE-008,CHE,Department of Chemistry,Type 4,Work Hours: 08:00-17:00 (Mon-Fri) | Lunch Break: 12:00-13:00,28.547920179785653,77.18666862446504
PROF-CHE-009,CHE,Department of Chemistry,SDA,Work Hours: 08:00-17:00 (Mon-Fri) | Lunch Break: 12:00-13:00,28.551223696711133,77.20291315472657
PROF-CHE-010,CHE,Department of Chemistry,SDA,Work Hours: 08:00-17:00 (Mon-Fri) | Lunch Break: 12:00-13:00,28.549863207312644,77.20158312432359
PROF-CHE-011,CHE,Department of Chemistry,Type 5,Work Hours: 08:00-17:00 (Mon-Fri) | Lunch Break: 12:00-13:00,28.544109158286513,77.19714253370135
PROF-CHE-012,CHE,Department of Chemistry,Type 4,Work Hours: 08:00-17:00 (Mon-Fri) | Lunch Break: 12:00-13:00,28.547920179785653,77.18666862446504
PROF-CHE-013,CHE,Department of Chemistry,SDA,Work Hours: 08:00-17:00 (Mon-Fri) | Lunch Break: 12:00-13:00,28.551223696711133,77.20291315472657
PROF-CHE-014,CHE,Department of Chemistry,Type 4,Work Hours: 08:00-17:00 (Mon-Fri) | Lunch Break: 12:00-13:00,28.547920179785653,77.18666862446504
PROF-CHE-015,CHE,Department of Chemistry,SDA,Work Hours: 08:00-17:00 (Mon-Fri) | Lunch Break: 12:00-13:00,28.54524591051283,77.20149392693476
PROF-CHE-016,CHE,Department of Chemistry,SDA,Work Hours: 08:00-17:00 (Mon-Fri) | Lunch Break: 12:00-13:00,28.550516626512845,77.20311432414327
PROF-CHE-017,CHE,Department of Chemistry,SDA,Work Hours: 08:00-17:00 (Mon-Fri) | Lunch Break: 12:00-13:00,28.54524591051283,77.20149392693476
PROF-CHE-018,CHE,Department of Chemistry,SDA,Work Hours: 08:00-17:00 (Mon-Fri) | Lunch Break: 12:00-13:00,28.546789597640686,77.19626633589982
PROF-CHE-019,CHE,Department of Chemistry,SDA,Work Hours: 08:00-17:00 (Mon-Fri) | Lunch Break: 12:00-13:00,28.546789597640686,77.19626633589982
PROF-CHE-020,CHE,Department of Chemistry,Type 4,Work Hours: 08:00-17:00 (Mon-Fri) | Lunch Break: 12:00-13:00,28.545852646153847,77.18051134615385
PROF-CHE-021,CHE,Department of Chemistry,Nalanda Apt.,Work Hours: 08:00-17:00 (Mon-Fri) | Lunch Break: 12:00-13:00,28.54585482,77.18326782
PROF-CHE-022,CHE,Department of Chemistry,SDA,Work Hours: 08:00-17:00 (Mon-Fri) | Lunch Break: 12:00-13:00,28.546404551246027,77.19894213275559
PROF-CHE-023,CHE,Department of Chemistry,Type 4,Work Hours: 08:00-17:00 (Mon-Fri) | Lunch Break: 12:00-13:00,28.548459669605684,77.18726978407116
PROF-CHE-024,CHE,Department of Chemistry,Type 5,Work Hours: 08:00-17:00 (Mon-Fri) | Lunch Break: 12:00-13:00,28.54307950888638,77.19726879069604
PROF-CHE-025,CHE,Department of Chemistry,Type 4,Work Hours: 08:00-17:00 (Mon-Fri) | Lunch Break: 12:00-13:00,28.5480177958514,77.1860334484874
PROF-CHE-026,CHE,Department of Chemistry,SDA,Work Hours: 08:00-17:00 (Mon-Fri) | Lunch Break: 12:00-13:00,28.550151033461166,77.2033898428355
PROF-CHE-027,CHE,Department of Chemistry,Chattpura,Work Hours: 08:00-17:00 (Mon-Fri) | Lunch Break: 12:00-13:00,28.52416618004905,77.19270594438103
PROF-CHE-028,CHE,Department of Chemistry,Type 5,Work Hours: 08:00-17:00 (Mon-Fri) | Lunch Break: 12:00-13:00,28.543852392909596,77.19740532875272
PROF-CHE-029,CHE,Department of Chemistry,New Multi Story,Work Hours: 08:00-17:00 (Mon-Fri) | Lunch Break: 12:00-13:00,28.5450044,77.1817453
PROF-CHE-030,CHE,Department of Chemistry,SDA,Work Hours: 08:00-17:00 (Mon-Fri) | Lunch Break: 12:00-13:00,28.546789597640686,77.19626633589982
PROF-CHE-031,CHE,Department of Chemistry,Type 4,Work Hours: 08:00-17:00 (Mon-Fri) | Lunch Break: 12:00-13:00,28.5480177958514,77.1860334484874
PROF-CHE-032,CHE,Department of Chemistry,Type 5,Work Hours: 08:00-17:00 (Mon-Fri) | Lunch Break: 12:00-13:00,28.543659784851393,77.1969060904988
PROF-CHE-033,CHE,Department of Chemistry,SDA,Work Hours: 08:00-17:00 (Mon-Fri) | Lunch Break: 12:00-13:00,28.550516626512845,77.20311432414327
PROF-CHE-034,CHE,Department of Chemistry,SDA,Work Hours: 08:00-17:00 (Mon-Fri) | Lunch Break: 12:00-13:00,28.55103329746801,77.20232165757409
PROF-CHE-035,CHE,Department of Chemistry,Chattpura,Work Hours: 08:00-17:00 (Mon-Fri) | Lunch Break: 12:00-13:00,28.524498206257892,77.19410425951267
PROF-CHE-036,CHE,Department of Chemistry,SDA,Work Hours: 08:00-17:00 (Mon-Fri) | Lunch Break: 12:00-13:00,28.549926252030083,77.19926867111695
PROF-CHE-037,CHE,Department of Chemistry,New Multi Story,Work Hours: 08:00-17:00 (Mon-Fri) | Lunch Break: 12:00-13:00,28.5433179,77.180888
PROF-CHE-038,CHE,Department of Chemistry,New Multi Story,Work Hours: 08:00-17:00 (Mon-Fri) | Lunch Break: 12:00-13:00,28.5450044,77.1817453
PROF-CE-001,CE,Department of Civil Engineering,Type 5,Work Hours: 08:00-17:00 (Mon-Fri) | Lunch Break: 12:00-13:00,28.543852392909596,77.19740532875272
PROF-CE-002,CE,Department of Civil Engineering,SDA,Work Hours: 08:00-17:00 (Mon-Fri) | Lunch Break: 12:00-13:00,28.55103329746801,77.20232165757409
PROF-CE-003,CE,Department of Civil Engineering,Type 4,Work Hours: 08:00-17:00 (Mon-Fri) | Lunch Break: 12:00-13:00,28.544988879292514,77.18207899261974
PROF-CE-004,CE,Department of Civil Engineering,SDA,Work Hours: 08:00-17:00 (Mon-Fri) | Lunch Break: 12:00-13:00,28.549926252030083,77.19926867111695
PROF-CE-005,CE,Department of Civil Engineering,SDA,Work Hours: 08:00-17:00 (Mon-Fri) | Lunch Break: 12:00-13:00,28.550516626512845,77.20311432414327
PROF-CE-006,CE,Department of Civil Engineering,Type 4,Work Hours: 08:00-17:00 (Mon-Fri) | Lunch Break: 12:00-13:00,28.547984850971325,77.1869061657239
PROF-CE-007,CE,Department of Civil Engineering,SDA,Work Hours: 08:00-17:00 (Mon-Fri) | Lunch Break: 12:00-13:00,28.547593738749566,77.19798383555234
PROF-CE-008,CE,Department of Civil Engineering,New Multi Story,Work Hours: 08:00-17:00 (Mon-Fri) | Lunch Break: 12:00-13:00,28.5450044,77.1817453
PROF-CE-009,CE,Department of Civil Engineering,Chattpura,Work Hours: 08:00-17:00 (Mon-Fri) | Lunch Break: 12:00-13:00,28.525514378457842,77.19491639862909
PROF-CE-010,CE,Department of Civil Engineering,Chattpura,Work Hours: 08:00-17:00 (Mon-Fri) | Lunch Break: 12:00-13:00,28.52539068192649,77.19066850274939
PROF-CE-011,CE,Department of Civil Engineering,SDA,Work Hours: 08:00-17:00 (Mon-Fri) | Lunch Break: 12:00-13:00,28.549926252030083,77.19926867111695
PROF-CE-012,CE,Department of Civil Engineering,Type 4,Work Hours: 08:00-17:00 (Mon-Fri) | Lunch Break: 12:00-13:00,28.547920179785653,77.18666862446504
PROF-CE-013,CE,Department of Civil Engineering,Chattpura,Work Hours: 08:00-17:00 (Mon-Fri) | Lunch Break: 12:00-13:00,28.525278862222933,77.19474585451268
PROF-CE-014,CE,Department of Civil Engineering,Nalanda Apt.,Work Hours: 08:00-17:00 (Mon-Fri) | Lunch Break: 12:00-13:00,28.54585482,77.18326782
PROF-CE-015,CE,Department of Civil Engineering,Type 4,Work Hours: 08:00-17:00 (Mon-Fri) | Lunch Break: 12:00-13:00,28.545852646153847,77.18051134615385
PROF-CE-016,CE,Department of Civil Engineering,SDA,Work Hours: 08:00-17:00 (Mon-Fri) | Lunch Break: 12:00-13:00,28.550385249394157,77.20326861844832
PROF-CE-017,CE,Department of Civil Engineering,SDA,Work Hours: 08:00-17:00 (Mon-Fri) | Lunch Break: 12:00-13:00,28.551504256104913,77.20292431989407
PROF-CE-018,CE,Department of Civil Engineering,SDA,Work Hours: 08:00-17:00 (Mon-Fri) | Lunch Break: 12:00-13:00,28.549511658171532,77.19790485074229
PROF-CE-019,CE,Department of Civil Engineering,Type 4,Work Hours: 08:00-17:00 (Mon-Fri) | Lunch Break: 12:00-13:00,28.545847385340092,77.18240537459992
PROF-CE-020,CE,Department of Civil Engineering,Type 4,Work Hours: 08:00-17:00 (Mon-Fri) | Lunch Break: 12:00-13:00,28.54539580532508,77.1827515748043
PROF-CE-021,CE,Department of Civil Engineering,Type 5,Work Hours: 08:00-17:00 (Mon-Fri) | Lunch Break: 12:00-13:00,28.54307950888638,77.19726879069604
PROF-CE-022,CE,Department of Civil Engineering,SDA,Work Hours: 08:00-17:00 (Mon-Fri) | Lunch Break: 12:00-13:00,28.550151033461166,77.2033898428355
PROF-CE-023,CE,Department of Civil Engineering,SDA,Work Hours: 08:00-17:00 (Mon-Fri) | Lunch Break: 12:00-13:00,28.55103329746801,77.20232165757409
PROF-CE-024,CE,Department of Civil Engineering,SDA,Work Hours: 08:00-17:00 (Mon-Fri) | Lunch Break: 12:00-13:00,28.547593738749566,77.19798383555234
PROF-CE-025,CE,Department of Civil Engineering,Type 5,Work Hours: 08:00-17:00 (Mon-Fri) | Lunch Break: 12:00-13:00,28.543374669200738,77.19739607928899
PROF-CE-026,CE,Department of Civil Engineering,Type 4,Work Hours: 08:00-17:00 (Mon-Fri) | Lunch Break: 12:00-13:00,28.545015385658203,77.18258702640524
PROF-CE-027,CE,Department of Civil Engineering,SDA,Work Hours: 08:00-17:00 (Mon-Fri) | Lunch Break: 12:00-13:00,28.54524591051283,77.20149392693476
PROF-CE-028,CE,Department of Civil Engineering,SDA,Work Hours: 08:00-17:00 (Mon-Fri) | Lunch Break: 12:00-13:00,28.551504256104913,77.20292431989407
PROF-CE-029,CE,Department of Civil Engineering,New Multi Story,Work Hours: 08:00-17:00 (Mon-Fri) | Lunch Break: 12:00-13:00,28.5450044,77.1817453
PROF-CE-030,CE,Department of Civil Engineering,SDA,Work Hours: 08:00-17:00 (Mon-Fri) | Lunch Break: 12:00-13:00,28.550385249394157,77.20326861844832
PROF-CE-031,CE,Department of Civil Engineering,Type 4,Work Hours: 08:00-17:00 (Mon-Fri) | Lunch Break: 12:00-13:00,28.5480472,77.1868123
PROF-CE-032,CE,Department of Civil Engineering,SDA,Work Hours: 08:00-17:00 (Mon-Fri) | Lunch Break: 12:00-13:00,28.55103329746801,77.20232165757409
PROF-CE-033,CE,Department of Civil Engineering,Type 5,Work Hours: 08:00-17:00 (Mon-Fri) | Lunch Break: 12:00-13:00,28.543297625664366,77.19693245475156
PROF-CE-034,CE,Department of Civil Engineering,New Multi Story,Work Hours: 08:00-17:00 (Mon-Fri) | Lunch Break: 12:00-13:00,28.5433179,77.180888
PROF-CE-035,CE,Department of Civil Engineering,SDA,Work Hours: 08:00-17:00 (Mon-Fri) | Lunch Break: 12:00-13:00,28.546789597640686,77.19626633589982
PROF-CE-036,CE,Department of Civil Engineering,SDA,Work Hours: 08:00-17:00 (Mon-Fri) | Lunch Break: 12:00-13:00,28.55025683283223,77.19792022624164
PROF-CE-037,CE,Department of Civil Engineering,Nalanda Apt.,Work Hours: 08:00-17:00 (Mon-Fri) | Lunch Break: 12:00-13:00,28.54585482,77.18326782
PROF-CE-038,CE,Department of Civil Engineering,SDA,Work Hours: 08:00-17:00 (Mon-Fri) | Lunch Break: 12:00-13:00,28.550385249394157,77.20326861844832
PROF-CE-039,CE,Department of Civil Engineering,SDA,Work Hours: 08:00-17:00 (Mon-Fri) | Lunch Break: 12:00-13:00,28.55025683283223,77.19792022624164
PROF-CE-040,CE,Department of Civil Engineering,Type 4,Work Hours: 08:00-17:00 (Mon-Fri) | Lunch Break: 12:00-13:00,28.545852646153847,77.18051134615385
PROF-CE-041,CE,Department of Civil Engineering,Nalanda Apt.,Work Hours: 08:00-17:00 (Mon-Fri) | Lunch Break: 12:00-13:00,28.54585482,77.18326782
PROF-CE-042,CE,Department of Civil Engineering,SDA,Work Hours: 08:00-17:00 (Mon-Fri) | Lunch Break: 12:00-13:00,28.550385249394157,77.20326861844832
PROF-CE-043,CE,Department of Civil Engineering,SDA,Work Hours: 08:00-17:00 (Mon-Fri) | Lunch Break: 12:00-13:00,28.551504256104913,77.20292431989407
PROF-CE-044,CE,Department of Civil Engineering,New Multi Story,Work Hours: 08:00-17:00 (Mon-Fri) | Lunch Break: 12:00-13:00,28.5450044,77.1817453
PROF-CE-045,CE,Department of Civil Engineering,Type 4,Work Hours: 08:00-17:00 (Mon-Fri) | Lunch Break: 12:00-13:00,28.545852646153847,77.18051134615385
PROF-CE-046,CE,Department of Civil Engineering,SDA,Work Hours: 08:00-17:00 (Mon-Fri) | Lunch Break: 12:00-13:00,28.549863207312644,77.20158312432359
PROF-CE-047,CE,Department of Civil Engineering,Type 5,Work Hours: 08:00-17:00 (Mon-Fri) | Lunch Break: 12:00-13:00,28.543892743506845,77.1964418717659
PROF-CE-048,CE,Department of Civil Engineering,SDA,Work Hours: 08:00-17:00 (Mon-Fri) | Lunch Break: 12:00-13:00,28.551504256104913,77.20292431989407
PROF-CE-049,CE,Department of Civil Engineering,SDA,Work Hours: 08:00-17:00 (Mon-Fri) | Lunch Break: 12:00-13:00,28.551504256104913,77.20292431989407
PROF-CE-050,CE,Department of Civil Engineering,Type 4,Work Hours: 08:00-17:00 (Mon-Fri) | Lunch Break: 12:00-13:00,28.545045417574922,77.18194880306689
PROF-CE-051,CE,Department of Civil Engineering,Type 4,Work Hours: 08:00-17:00 (Mon-Fri) | Lunch Break: 12:00-13:00,28.548009620083914,77.18708922633229
PROF-CE-052,CE,Department of Civil Engineering,Type 4,Work Hours: 08:00-17:00 (Mon-Fri) | Lunch Break: 12:00-13:00,28.544886732771126,77.18261133062138
PROF-CE-053,CE,Department of Civil Engineering,New Multi Story,Work Hours: 08:00-17:00 (Mon-Fri) | Lunch Break: 12:00-13:00,28.5433179,77.180888
PROF-CE-054,CE,Department of Civil Engineering,SDA,Work Hours: 08:00-17:00 (Mon-Fri) | Lunch Break: 12:00-13:00,28.55025683283223,77.19792022624164
PROF-CE-055,CE,Department of Civil Engineering,Type 5,Work Hours: 08:00-17:00 (Mon-Fri) | Lunch Break: 12:00-13:00,28.54307950888638,77.19726879069604
PROF-CE-056,CE,Department of Civil Engineering,Type 4,Work Hours: 08:00-17:00 (Mon-Fri) | Lunch Break: 12:00-13:00,28.548307111114916,77.18660473535047
PROF-CE-057,CE,Department of Civil Engineering,SDA,Work Hours: 08:00-17:00 (Mon-Fri) | Lunch Break: 12:00-13:00,28.550385249394157,77.20326861844832
PROF-CE-058,CE,Department of Civil Engineering,SDA,Work Hours: 08:00-17:00 (Mon-Fri) | Lunch Break: 12:00-13:00,28.55025683283223,77.19792022624164
PROF-CE-059,CE,Department of Civil Engineering,Type 4,Work Hours: 08:00-17:00 (Mon-Fri) | Lunch Break: 12:00-13:00,28.54759453010438,77.18704523653373
PROF-CE-060,CE,Department of Civil Engineering,SDA,Work Hours: 08:00-17:00 (Mon-Fri) | Lunch Break: 12:00-13:00,28.550151033461166,77.2033898428355
PROF-CE-061,CE,Department of Civil Engineering,SDA,Work Hours: 08:00-17:00 (Mon-Fri) | Lunch Break: 12:00-13:00,28.550385249394157,77.20326861844832
PROF-CE-062,CE,Department of Civil Engineering,Chattpura,Work Hours: 08:00-17:00 (Mon-Fri) | Lunch Break: 12:00-13:00,28.527146942061034,77.19485248389145
PROF-CE-063,CE,Department of Civil Engineering,SDA,Work Hours: 08:00-17:00 (Mon-Fri) | Lunch Break: 12:00-13:00,28.55025683283223,77.19792022624164
PROF-CSE-001,CSE,Department of Computer Science and Engineering,SDA,Work Hours: 08:00-17:00 (Mon-Fri) | Lunch Break: 12:00-13:00,28.549926252030083,77.19926867111695
PROF-CSE-002,CSE,Department of Computer Science and Engineering,Type 4,Work Hours: 08:00-17:00 (Mon-Fri) | Lunch Break: 12:00-13:00,28.544988879292514,77.18207899261974
PROF-CSE-003,CSE,Department of Computer Science and Engineering,Type 4,Work Hours: 08:00-17:00 (Mon-Fri) | Lunch Break: 12:00-13:00,28.545852646153847,77.18051134615385
PROF-CSE-004,CSE,Department of Computer Science and Engineering,SDA,Work Hours: 08:00-17:00 (Mon-Fri) | Lunch Break: 12:00-13:00,28.550151033461166,77.2033898428355
PROF-CSE-005,CSE,Department of Computer Science and Engineering,Nalanda Apt.,Work Hours: 08:00-17:00 (Mon-Fri) | Lunch Break: 12:00-13:00,28.54585482,77.18326782
PROF-CSE-006,CSE,Department of Computer Science and Engineering,SDA,Work Hours: 08:00-17:00 (Mon-Fri) | Lunch Break: 12:00-13:00,28.54524591051283,77.20149392693476
PROF-CSE-007,CSE,Department of Computer Science and Engineering,Chattpura,Work Hours: 08:00-17:00 (Mon-Fri) | Lunch Break: 12:00-13:00,28.527724139793044,77.19406611422293
PROF-CSE-008,CSE,Department of Computer Science and Engineering,Nalanda Apt.,Work Hours: 08:00-17:00 (Mon-Fri) | Lunch Break: 12:00-13:00,28.54585482,77.18326782
PROF-CSE-009,CSE,Department of Computer Science and Engineering,Type 4,Work Hours: 08:00-17:00 (Mon-Fri) | Lunch Break: 12:00-13:00,28.548213024599153,77.18703042734593
PROF-CSE-010,CSE,Department of Computer Science and Engineering,SDA,Work Hours: 08:00-17:00 (Mon-Fri) | Lunch Break: 12:00-13:00,28.55025683283223,77.19792022624164
PROF-CSE-011,CSE,Department of Computer Science and Engineering,SDA,Work Hours: 08:00-17:00 (Mon-Fri) | Lunch Break: 12:00-13:00,28.546789597640686,77.19626633589982
PROF-CSE-012,CSE,Department of Computer Science and Engineering,SDA,Work Hours: 08:00-17:00 (Mon-Fri) | Lunch Break: 12:00-13:00,28.550385249394157,77.20326861844832
PROF-CSE-013,CSE,Department of Computer Science and Engineering,New Multi Story,Work Hours: 08:00-17:00 (Mon-Fri) | Lunch Break: 12:00-13:00,28.5450044,77.1817453
PROF-CSE-014,CSE,Department of Computer Science and Engineering,SDA,Work Hours: 08:00-17:00 (Mon-Fri) | Lunch Break: 12:00-13:00,28.55103329746801,77.20232165757409
PROF-CSE-015,CSE,Department of Computer Science and Engineering,SDA,Work Hours: 08:00-17:00 (Mon-Fri) | Lunch Break: 12:00-13:00,28.547593738749566,77.19798383555234
PROF-CSE-016,CSE,Department of Computer Science and Engineering,SDA,Work Hours: 08:00-17:00 (Mon-Fri) | Lunch Break: 12:00-13:00,28.550151033461166,77.2033898428355
PROF-CSE-017,CSE,Department of Computer Science and Engineering,SDA,Work Hours: 08:00-17:00 (Mon-Fri) | Lunch Break: 12:00-13:00,28.546789597640686,77.19626633589982
PROF-CSE-018,CSE,Department of Computer Science and Engineering,SDA,Work Hours: 08:00-17:00 (Mon-Fri) | Lunch Break: 12:00-13:00,28.549863207312644,77.20158312432359
PROF-CSE-019,CSE,Department of Computer Science and Engineering,Type 4,Work Hours: 08:00-17:00 (Mon-Fri) | Lunch Break: 12:00-13:00,28.548459669605684,77.18726978407116
PROF-CSE-020,CSE,Department of Computer Science and Engineering,SDA,Work Hours: 08:00-17:00 (Mon-Fri) | Lunch Break: 12:00-13:00,28.550385249394157,77.20326861844832
PROF-CSE-021,CSE,Department of Computer Science and Engineering,Type 4,Work Hours: 08:00-17:00 (Mon-Fri) | Lunch Break: 12:00-13:00,28.54814281282443,77.18675792243887
PROF-CSE-022,CSE,Department of Computer Science and Engineering,SDA,Work Hours: 08:00-17:00 (Mon-Fri) | Lunch Break: 12:00-13:00,28.550151033461166,77.2033898428355
PROF-CSE-023,CSE,Department of Computer Science and Engineering,SDA,Work Hours: 08:00-17:00 (Mon-Fri) | Lunch Break: 12:00-13:00,28.550516626512845,77.20311432414327
PROF-CSE-024,CSE,Department of Computer Science and Engineering,SDA,Work Hours: 08:00-17:00 (Mon-Fri) | Lunch Break: 12:00-13:00,28.550385249394157,77.20326861844832
PROF-CSE-025,CSE,Department of Computer Science and Engineering,Type 4,Work Hours: 08:00-17:00 (Mon-Fri) | Lunch Break: 12:00-13:00,28.548307111114916,77.18660473535047
PROF-CSE-026,CSE,Department of Computer Science and Engineering,SDA,Work Hours: 08:00-17:00 (Mon-Fri) | Lunch Break: 12:00-13:00,28.549863207312644,77.20158312432359
PROF-CSE-027,CSE,Department of Computer Science and Engineering,Type 4,Work Hours: 08:00-17:00 (Mon-Fri) | Lunch Break: 12:00-13:00,28.5480472,77.1868123
PROF-CSE-028,CSE,Department of Computer Science and Engineering,Type 5,Work Hours: 08:00-17:00 (Mon-Fri) | Lunch Break: 12:00-13:00,28.548654707692307,77.18675785384616
PROF-CSE-029,CSE,Department of Computer Science and Engineering,Type 4,Work Hours: 08:00-17:00 (Mon-Fri) | Lunch Break: 12:00-13:00,28.544988879292514,77.18207899261974
PROF-CSE-030,CSE,Department of Computer Science and Engineering,Type 4,Work Hours: 08:00-17:00 (Mon-Fri) | Lunch Break: 12:00-13:00,28.545447577918868,77.18238524700153
PROF-CSE-031,CSE,Department of Computer Science and Engineering,New Multi Story,Work Hours: 08:00-17:00 (Mon-Fri) | Lunch Break: 12:00-13:00,28.5450044,77.1817453
PROF-CSE-032,CSE,Department of Computer Science and Engineering,SDA,Work Hours: 08:00-17:00 (Mon-Fri) | Lunch Break: 12:00-13:00,28.547593738749566,77.19798383555234
PROF-CSE-033,CSE,Department of Computer Science and Engineering,Type 4,Work Hours: 08:00-17:00 (Mon-Fri) | Lunch Break: 12:00-13:00,28.54814281282443,77.18675792243887
PROF-CSE-034,CSE,Department of Computer Science and Engineering,Chattpura,Work Hours: 08:00-17:00 (Mon-Fri) | Lunch Break: 12:00-13:00,28.525717230618127,77.19609605877636
PROF-CSE-035,CSE,Department of Computer Science and Engineering,Type 4,Work Hours: 08:00-17:00 (Mon-Fri) | Lunch Break: 12:00-13:00,28.5480177958514,77.1860334484874
PROF-CSE-036,CSE,Department of Computer Science and Engineering,Type 5,Work Hours: 08:00-17:00 (Mon-Fri) | Lunch Break: 12:00-13:00,28.547795411764707,77.18750731764706
PROF-CSE-037,CSE,Department of Computer Science and Engineering,Type 5,Work Hours: 08:00-17:00 (Mon-Fri) | Lunch Break: 12:00-13:00,28.5437311,77.197072
PROF-CSE-038,CSE,Department of Computer Science and Engineering,Nalanda Apt.,Work Hours: 08:00-17:00 (Mon-Fri) | Lunch Break: 12:00-13:00,28.54585482,77.18326782
PROF-CSE-039,CSE,Department of Computer Science and Engineering,SDA,Work Hours: 08:00-17:00 (Mon-Fri) | Lunch Break: 12:00-13:00,28.54524591051283,77.20149392693476
PROF-CSE-040,CSE,Department of Computer Science and Engineering,Type 4,Work Hours: 08:00-17:00 (Mon-Fri) | Lunch Break: 12:00-13:00,28.544886732771126,77.18261133062138
PROF-CSE-041,CSE,Department of Computer Science and Engineering,SDA,Work Hours: 08:00-17:00 (Mon-Fri) | Lunch Break: 12:00-13:00,28.551504256104913,77.20292431989407
PROF-CSE-042,CSE,Department of Computer Science and Engineering,SDA,Work Hours: 08:00-17:00 (Mon-Fri) | Lunch Break: 12:00-13:00,28.546404551246027,77.19894213275559
PROF-CSE-043,CSE,Department of Computer Science and Engineering,Type 5,Work Hours: 08:00-17:00 (Mon-Fri) | Lunch Break: 12:00-13:00,28.543857296323303,77.19699686281403
PROF-CSE-044,CSE,Department of Computer Science and Engineering,Type 5,Work Hours: 08:00-17:00 (Mon-Fri) | Lunch Break: 12:00-13:00,28.543374669200738,77.19739607928899
PROF-CSE-045,CSE,Department of Computer Science and Engineering,SDA,Work Hours: 08:00-17:00 (Mon-Fri) | Lunch Break: 12:00-13:00,28.546404551246027,77.19894213275559
PROF-CSE-046,CSE,Department of Computer Science and Engineering,SDA,Work Hours: 08:00-17:00 (Mon-Fri) | Lunch Break: 12:00-13:00,28.546404551246027,77.19894213275559
PROF-CSE-047,CSE,Department of Computer Science and Engineering,Type 4,Work Hours: 08:00-17:00 (Mon-Fri) | Lunch Break: 12:00-13:00,28.548459669605684,77.18726978407116
PROF-CSE-048,CSE,Department of Computer Science and Engineering,SDA,Work Hours: 08:00-17:00 (Mon-Fri) | Lunch Break: 12:00-13:00,28.546789597640686,77.19626633589982
PROF-CSE-049,CSE,Department of Computer Science and Engineering,SDA,Work Hours: 08:00-17:00 (Mon-Fri) | Lunch Break: 12:00-13:00,28.547593738749566,77.19798383555234
PROF-CSE-050,CSE,Department of Computer Science and Engineering,Type 4,Work Hours: 08:00-17:00 (Mon-Fri) | Lunch Break: 12:00-13:00,28.545268,77.1824851
PROF-CSE-051,CSE,Department of Computer Science and Engineering,Type 4,Work Hours: 08:00-17:00 (Mon-Fri) | Lunch Break: 12:00-13:00,28.545268,77.1824851
PROF-DES-001,DES,Department of Design,Type 4,Work Hours: 08:00-17:00 (Mon-Fri) | Lunch Break: 12:00-13:00,28.548307111114916,77.18660473535047
PROF-DES-002,DES,Department of Design,SDA,Work Hours: 08:00-17:00 (Mon-Fri) | Lunch Break: 12:00-13:00,28.550516626512845,77.20311432414327
PROF-DES-003,DES,Department of Design,Nalanda Apt.,Work Hours: 08:00-17:00 (Mon-Fri) | Lunch Break: 12:00-13:00,28.54585482,77.18326782
PROF-DES-004,DES,Department of Design,SDA,Work Hours: 08:00-17:00 (Mon-Fri) | Lunch Break: 12:00-13:00,28.550385249394157,77.20326861844832
PROF-DES-005,DES,Department of Design,SDA,Work Hours: 08:00-17:00 (Mon-Fri) | Lunch Break: 12:00-13:00,28.549511658171532,77.19790485074229
PROF-DES-006,DES,Department of Design,Type 4,Work Hours: 08:00-17:00 (Mon-Fri) | Lunch Break: 12:00-13:00,28.545852646153847,77.18051134615385
PROF-DES-007,DES,Department of Design,SDA,Work Hours: 08:00-17:00 (Mon-Fri) | Lunch Break: 12:00-13:00,28.55103329746801,77.20232165757409
PROF-DES-008,DES,Department of Design,Nalanda Apt.,Work Hours: 08:00-17:00 (Mon-Fri) | Lunch Break: 12:00-13:00,28.54585482,77.18326782
PROF-DES-009,DES,Department of Design,Type 5,Work Hours: 08:00-17:00 (Mon-Fri) | Lunch Break: 12:00-13:00,28.543297625664366,77.19693245475156
PROF-DES-010,DES,Department of Design,SDA,Work Hours: 08:00-17:00 (Mon-Fri) | Lunch Break: 12:00-13:00,28.547006045281204,77.1983858350681
PROF-DES-011,DES,Department of Design,SDA,Work Hours: 08:00-17:00 (Mon-Fri) | Lunch Break: 12:00-13:00,28.55025683283223,77.19792022624164
PROF-DES-012,DES,Department of Design,New Multi Story,Work Hours: 08:00-17:00 (Mon-Fri) | Lunch Break: 12:00-13:00,28.5450044,77.1817453
PROF-EE-001,EE,Department of Electrical Engineering,Type 4,Work Hours: 08:00-17:00 (Mon-Fri) | Lunch Break: 12:00-13:00,28.548009620083914,77.18708922633229
PROF-EE-002,EE,Department of Electrical Engineering,Type 4,Work Hours: 08:00-17:00 (Mon-Fri) | Lunch Break: 12:00-13:00,28.547984850971325,77.1869061657239
PROF-EE-003,EE,Department of Electrical Engineering,Type 5,Work Hours: 08:00-17:00 (Mon-Fri) | Lunch Break: 12:00-13:00,28.543297625664366,77.19693245475156
PROF-EE-004,EE,Department of Electrical Engineering,Nalanda Apt.,Work Hours: 08:00-17:00 (Mon-Fri) | Lunch Break: 12:00-13:00,28.54585482,77.18326782
PROF-EE-005,EE,Department of Electrical Engineering,Type 5,Work Hours: 08:00-17:00 (Mon-Fri) | Lunch Break: 12:00-13:00,28.54307950888638,77.19726879069604
PROF-EE-006,EE,Department of Electrical Engineering,Type 4,Work Hours: 08:00-17:00 (Mon-Fri) | Lunch Break: 12:00-13:00,28.544886732771126,77.18261133062138
PROF-EE-007,EE,Department of Electrical Engineering,Type 4,Work Hours: 08:00-17:00 (Mon-Fri) | Lunch Break: 12:00-13:00,28.548187827256495,77.1865158128228
PROF-EE-008,EE,Department of Electrical Engineering,Type 5,Work Hours: 08:00-17:00 (Mon-Fri) | Lunch Break: 12:00-13:00,28.543374669200738,77.19739607928899
PROF-EE-009,EE,Department of Electrical Engineering,SDA,Work Hours: 08:00-17:00 (Mon-Fri) | Lunch Break: 12:00-13:00,28.55103329746801,77.20232165757409
PROF-EE-010,EE,Department of Electrical Engineering,Type 4,Work Hours: 08:00-17:00 (Mon-Fri) | Lunch Break: 12:00-13:00,28.545447577918868,77.18238524700153
PROF-EE-011,EE,Department of Electrical Engineering,Chattpura,Work Hours: 08:00-17:00 (Mon-Fri) | Lunch Break: 12:00-13:00,28.528064513885887,77.19073529129149
PROF-EE-012,EE,Department of Electrical Engineering,Nalanda Apt.,Work Hours: 08:00-17:00 (Mon-Fri) | Lunch Break: 12:00-13:00,28.54585482,77.18326782
PROF-EE-013,EE,Department of Electrical Engineering,Type 4,Work Hours: 08:00-17:00 (Mon-Fri) | Lunch Break: 12:00-13:00,28.548307111114916,77.18660473535047
PROF-EE-014,EE,Department of Electrical Engineering,Nalanda Apt.,Work Hours: 08:00-17:00 (Mon-Fri) | Lunch Break: 12:00-13:00,28.54585482,77.18326782
PROF-EE-015,EE,Department of Electrical Engineering,SDA,Work Hours: 08:00-17:00 (Mon-Fri) | Lunch Break: 12:00-13:00,28.551223696711133,77.20291315472657
PROF-EE-016,EE,Department of Electrical Engineering,Type 4,Work Hours: 08:00-17:00 (Mon-Fri) | Lunch Break: 12:00-13:00,28.54759453010438,77.18704523653373
PROF-EE-017,EE,Department of Electrical Engineering,SDA,Work Hours: 08:00-17:00 (Mon-Fri) | Lunch Break: 12:00-13:00,28.551504256104913,77.20292431989407
PROF-EE-018,EE,Department of Electrical Engineering,Type 4,Work Hours: 08:00-17:00 (Mon-Fri) | Lunch Break: 12:00-13:00,28.54539580532508,77.1827515748043
PROF-EE-019,EE,Department of Electrical Engineering,Type 4,Work Hours: 08:00-17:00 (Mon-Fri) | Lunch Break: 12:00-13:00,28.545447577918868,77.18238524700153
PROF-EE-020,EE,Department of Electrical Engineering,Type 5,Work Hours: 08:00-17:00 (Mon-Fri) | Lunch Break: 12:00-13:00,28.547795411764707,77.18750731764706
PROF-EE-021,EE,Department of Electrical Engineering,SDA,Work Hours: 08:00-17:00 (Mon-Fri) | Lunch Break: 12:00-13:00,28.550516626512845,77.20311432414327
PROF-EE-022,EE,Department of Electrical Engineering,Type 5,Work Hours: 08:00-17:00 (Mon-Fri) | Lunch Break: 12:00-13:00,28.54307950888638,77.19726879069604
PROF-EE-023,EE,Department of Electrical Engineering,Chattpura,Work Hours: 08:00-17:00 (Mon-Fri) | Lunch Break: 12:00-13:00,28.525514378457842,77.19491639862909
PROF-EE-024,EE,Department of Electrical Engineering,SDA,Work Hours: 08:00-17:00 (Mon-Fri) | Lunch Break: 12:00-13:00,28.546789597640686,77.19626633589982
PROF-EE-025,EE,Department of Electrical Engineering,Type 4,Work Hours: 08:00-17:00 (Mon-Fri) | Lunch Break: 12:00-13:00,28.544886732771126,77.18261133062138
PROF-EE-026,EE,Department of Electrical Engineering,Type 5,Work Hours: 08:00-17:00 (Mon-Fri) | Lunch Break: 12:00-13:00,28.548654707692307,77.18675785384616
PROF-EE-027,EE,Department of Electrical Engineering,Type 5,Work Hours: 08:00-17:00 (Mon-Fri) | Lunch Break: 12:00-13:00,28.544109158286513,77.19714253370135
PROF-EE-028,EE,Department of Electrical Engineering,SDA,Work Hours: 08:00-17:00 (Mon-Fri) | Lunch Break: 12:00-13:00,28.547006045281204,77.1983858350681
PROF-EE-029,EE,Department of Electrical Engineering,SDA,Work Hours: 08:00-17:00 (Mon-Fri) | Lunch Break: 12:00-13:00,28.551223696711133,77.20291315472657
PROF-EE-030,EE,Department of Electrical Engineering,SDA,Work Hours: 08:00-17:00 (Mon-Fri) | Lunch Break: 12:00-13:00,28.551504256104913,77.20292431989407
PROF-EE-031,EE,Department of Electrical Engineering,Type 5,Work Hours: 08:00-17:00 (Mon-Fri) | Lunch Break: 12:00-13:00,28.5437311,77.197072
PROF-EE-032,EE,Department of Electrical Engineering,Type 5,Work Hours: 08:00-17:00 (Mon-Fri) | Lunch Break: 12:00-13:00,28.544109158286513,77.19714253370135
PROF-EE-033,EE,Department of Electrical Engineering,Type 5,Work Hours: 08:00-17:00 (Mon-Fri) | Lunch Break: 12:00-13:00,28.544270281462364,77.19674102212781
PROF-EE-034,EE,Department of Electrical Engineering,SDA,Work Hours: 08:00-17:00 (Mon-Fri) | Lunch Break: 12:00-13:00,28.54524591051283,77.20149392693476
PROF-EE-035,EE,Department of Electrical Engineering,SDA,Work Hours: 08:00-17:00 (Mon-Fri) | Lunch Break: 12:00-13:00,28.550151033461166,77.2033898428355
PROF-EE-036,EE,Department of Electrical Engineering,Type 4,Work Hours: 08:00-17:00 (Mon-Fri) | Lunch Break: 12:00-13:00,28.548213024599153,77.18703042734593
PROF-EE-037,EE,Department of Electrical Engineering,Type 5,Work Hours: 08:00-17:00 (Mon-Fri) | Lunch Break: 12:00-13:00,28.547795411764707,77.18750731764706
PROF-EE-038,EE,Department of Electrical Engineering,Type 5,Work Hours: 08:00-17:00 (Mon-Fri) | Lunch Break: 12:00-13:00,28.544270281462364,77.19674102212781
PROF-EE-039,EE,Department of Electrical Engineering,New Multi Story,Work Hours: 08:00-17:00 (Mon-Fri) | Lunch Break: 12:00-13:00,28.5450044,77.1817453
PROF-EE-040,EE,Department of Electrical Engineering,SDA,Work Hours: 08:00-17:00 (Mon-Fri) | Lunch Break: 12:00-13:00,28.547593738749566,77.19798383555234
PROF-EE-041,EE,Department of Electrical Engineering,New Multi Story,Work Hours: 08:00-17:00 (Mon-Fri) | Lunch Break: 12:00-13:00,28.5433179,77.180888
PROF-EE-042,EE,Department of Electrical Engineering,SDA,Work Hours: 08:00-17:00 (Mon-Fri) | Lunch Break: 12:00-13:00,28.551223696711133,77.20291315472657
PROF-EE-043,EE,Department of Electrical Engineering,Nalanda Apt.,Work Hours: 08:00-17:00 (Mon-Fri) | Lunch Break: 12:00-13:00,28.54585482,77.18326782
PROF-EE-044,EE,Department of Electrical Engineering,SDA,Work Hours: 08:00-17:00 (Mon-Fri) | Lunch Break: 12:00-13:00,28.549511658171532,77.19790485074229
PROF-EE-045,EE,Department of Electrical Engineering,Type 5,Work Hours: 08:00-17:00 (Mon-Fri) | Lunch Break: 12:00-13:00,28.5437311,77.197072
PROF-EE-046,EE,Department of Electrical Engineering,SDA,Work Hours: 08:00-17:00 (Mon-Fri) | Lunch Break: 12:00-13:00,28.551223696711133,77.20291315472657
PROF-EE-047,EE,Department of Electrical Engineering,Type 4,Work Hours: 08:00-17:00 (Mon-Fri) | Lunch Break: 12:00-13:00,28.54759453010438,77.18704523653373
PROF-EE-048,EE,Department of Electrical Engineering,SDA,Work Hours: 08:00-17:00 (Mon-Fri) | Lunch Break: 12:00-13:00,28.54524591051283,77.20149392693476
PROF-EE-049,EE,Department of Electrical Engineering,Nalanda Apt.,Work Hours: 08:00-17:00 (Mon-Fri) | Lunch Break: 12:00-13:00,28.54585482,77.18326782
PROF-EE-050,EE,Department of Electrical Engineering,SDA,Work Hours: 08:00-17:00 (Mon-Fri) | Lunch Break: 12:00-13:00,28.546404551246027,77.19894213275559
PROF-EE-051,EE,Department of Electrical Engineering,Type 5,Work Hours: 08:00-17:00 (Mon-Fri) | Lunch Break: 12:00-13:00,28.543374669200738,77.19739607928899
PROF-EE-052,EE,Department of Electrical Engineering,Nalanda Apt.,Work Hours: 08:00-17:00 (Mon-Fri) | Lunch Break: 12:00-13:00,28.54585482,77.18326782
PROF-EE-053,EE,Department of Electrical Engineering,Type 5,Work Hours: 08:00-17:00 (Mon-Fri) | Lunch Break: 12:00-13:00,28.543842978532663,77.19724338092898
PROF-EE-054,EE,Department of Electrical Engineering,Type 5,Work Hours: 08:00-17:00 (Mon-Fri) | Lunch Break: 12:00-13:00,28.5437311,77.197072
PROF-EE-055,EE,Department of Electrical Engineering,Type 4,Work Hours: 08:00-17:00 (Mon-Fri) | Lunch Break: 12:00-13:00,28.54539580532508,77.1827515748043
PROF-EE-056,EE,Department of Electrical Engineering,Type 4,Work Hours: 08:00-17:00 (Mon-Fri) | Lunch Break: 12:00-13:00,28.548307111114916,77.18660473535047
PROF-EE-057,EE,Department of Electrical Engineering,SDA,Work Hours: 08:00-17:00 (Mon-Fri) | Lunch Break: 12:00-13:00,28.54524591051283,77.20149392693476
PROF-EE-058,EE,Department of Electrical Engineering,SDA,Work Hours: 08:00-17:00 (Mon-Fri) | Lunch Break: 12:00-13:00,28.551223696711133,77.20291315472657
PROF-EE-059,EE,Department of Electrical Engineering,Type 4,Work Hours: 08:00-17:00 (Mon-Fri) | Lunch Break: 12:00-13:00,28.548213024599153,77.18703042734593
PROF-EE-060,EE,Department of Electrical Engineering,SDA,Work Hours: 08:00-17:00 (Mon-Fri) | Lunch Break: 12:00-13:00,28.549511658171532,77.19790485074229
PROF-EE-061,EE,Department of Electrical Engineering,Type 4,Work Hours: 08:00-17:00 (Mon-Fri) | Lunch Break: 12:00-13:00,28.5480472,77.1868123
PROF-EE-062,EE,Department of Electrical Engineering,SDA,Work Hours: 08:00-17:00 (Mon-Fri) | Lunch Break: 12:00-13:00,28.550516626512845,77.20311432414327
PROF-EE-063,EE,Department of Electrical Engineering,SDA,Work Hours: 08:00-17:00 (Mon-Fri) | Lunch Break: 12:00-13:00,28.549511658171532,77.19790485074229
PROF-EE-064,EE,Department of Electrical Engineering,SDA,Work Hours: 08:00-17:00 (Mon-Fri) | Lunch Break: 12:00-13:00,28.54524591051283,77.20149392693476
PROF-EE-065,EE,Department of Electrical Engineering,Type 4,Work Hours: 08:00-17:00 (Mon-Fri) | Lunch Break: 12:00-13:00,28.5480472,77.1868123
PROF-EE-066,EE,Department of Electrical Engineering,Type 5,Work Hours: 08:00-17:00 (Mon-Fri) | Lunch Break: 12:00-13:00,28.544109158286513,77.19714253370135
PROF-EE-067,EE,Department of Electrical Engineering,SDA,Work Hours: 08:00-17:00 (Mon-Fri) | Lunch Break: 12:00-13:00,28.550151033461166,77.2033898428355
PROF-EE-068,EE,Department of Electrical Engineering,Nalanda Apt.,Work Hours: 08:00-17:00 (Mon-Fri) | Lunch Break: 12:00-13:00,28.54585482,77.18326782
PROF-EE-069,EE,Department of Electrical Engineering,SDA,Work Hours: 08:00-17:00 (Mon-Fri) | Lunch Break: 12:00-13:00,28.550516626512845,77.20311432414327
PROF-EE-070,EE,Department of Electrical Engineering,Type 4,Work Hours: 08:00-17:00 (Mon-Fri) | Lunch Break: 12:00-13:00,28.54511315685864,77.18263569267164
PROF-EE-071,EE,Department of Electrical Engineering,SDA,Work Hours: 08:00-17:00 (Mon-Fri) | Lunch Break: 12:00-13:00,28.547006045281204,77.1983858350681
PROF-EE-072,EE,Department of Electrical Engineering,Type 5,Work Hours: 08:00-17:00 (Mon-Fri) | Lunch Break: 12:00-13:00,28.547795411764707,77.18750731764706
PROF-EE-073,EE,Department of Electrical Engineering,Type 4,Work Hours: 08:00-17:00 (Mon-Fri) | Lunch Break: 12:00-13:00,28.548459669605684,77.18726978407116
PROF-EE-074,EE,Department of Electrical Engineering,SDA,Work Hours: 08:00-17:00 (Mon-Fri) | Lunch Break: 12:00-13:00,28.547006045281204,77.1983858350681
PROF-ESE-001,ESE,Department of Energy Science and Engineering,SDA,Work Hours: 08:00-17:00 (Mon-Fri) | Lunch Break: 12:00-13:00,28.547006045281204,77.1983858350681
PROF-ESE-002,ESE,Department of Energy Science and Engineering,SDA,Work Hours: 08:00-17:00 (Mon-Fri) | Lunch Break: 12:00-13:00,28.547593738749566,77.19798383555234
PROF-ESE-003,ESE,Department of Energy Science and Engineering,Type 4,Work Hours: 08:00-17:00 (Mon-Fri) | Lunch Break: 12:00-13:00,28.545268,77.1824851
PROF-ESE-004,ESE,Department of Energy Science and Engineering,SDA,Work Hours: 08:00-17:00 (Mon-Fri) | Lunch Break: 12:00-13:00,28.551223696711133,77.20291315472657
PROF-ESE-005,ESE,Department of Energy Science and Engineering,Nalanda Apt.,Work Hours: 08:00-17:00 (Mon-Fri) | Lunch Break: 12:00-13:00,28.54585482,77.18326782
PROF-ESE-006,ESE,Department of Energy Science and Engineering,SDA,Work Hours: 08:00-17:00 (Mon-Fri) | Lunch Break: 12:00-13:00,28.551504256104913,77.20292431989407
PROF-ESE-007,ESE,Department of Energy Science and Engineering,SDA,Work Hours: 08:00-17:00 (Mon-Fri) | Lunch Break: 12:00-13:00,28.55025683283223,77.19792022624164
PROF-ESE-008,ESE,Department of Energy Science and Engineering,New Multi Story,Work Hours: 08:00-17:00 (Mon-Fri) | Lunch Break: 12:00-13:00,28.5433179,77.180888
PROF-ESE-009,ESE,Department of Energy Science and Engineering,Nalanda Apt.,Work Hours: 08:00-17:00 (Mon-Fri) | Lunch Break: 12:00-13:00,28.54585482,77.18326782
PROF-ESE-010,ESE,Department of Energy Science and Engineering,SDA,Work Hours: 08:00-17:00 (Mon-Fri) | Lunch Break: 12:00-13:00,28.551504256104913,77.20292431989407
PROF-ESE-011,ESE,Department of Energy Science and Engineering,Type 5,Work Hours: 08:00-17:00 (Mon-Fri) | Lunch Break: 12:00-13:00,28.543297625664366,77.19693245475156
PROF-ESE-012,ESE,Department of Energy Science and Engineering,New Multi Story,Work Hours: 08:00-17:00 (Mon-Fri) | Lunch Break: 12:00-13:00,28.5450044,77.1817453
PROF-ESE-013,ESE,Department of Energy Science and Engineering,Nalanda Apt.,Work Hours: 08:00-17:00 (Mon-Fri) | Lunch Break: 12:00-13:00,28.54585482,77.18326782
PROF-ESE-014,ESE,Department of Energy Science and Engineering,New Multi Story,Work Hours: 08:00-17:00 (Mon-Fri) | Lunch Break: 12:00-13:00,28.5433179,77.180888
PROF-ESE-015,ESE,Department of Energy Science and Engineering,Type 4,Work Hours: 08:00-17:00 (Mon-Fri) | Lunch Break: 12:00-13:00,28.545002579025223,77.18249506043074
PROF-ESE-016,ESE,Department of Energy Science and Engineering,Type 4,Work Hours: 08:00-17:00 (Mon-Fri) | Lunch Break: 12:00-13:00,28.548213024599153,77.18703042734593
PROF-ESE-017,ESE,Department of Energy Science and Engineering,Type 5,Work Hours: 08:00-17:00 (Mon-Fri) | Lunch Break: 12:00-13:00,28.547799088235294,77.18699740588235
PROF-ESE-018,ESE,Department of Energy Science and Engineering,SDA,Work Hours: 08:00-17:00 (Mon-Fri) | Lunch Break: 12:00-13:00,28.551223696711133,77.20291315472657
PROF-ESE-019,ESE,Department of Energy Science and Engineering,New Multi Story,Work Hours: 08:00-17:00 (Mon-Fri) | Lunch Break: 12:00-13:00,28.5433179,77.180888
PROF-ESE-020,ESE,Department of Energy Science and Engineering,SDA,Work Hours: 08:00-17:00 (Mon-Fri) | Lunch Break: 12:00-13:00,28.55103329746801,77.20232165757409
PROF-ESE-021,ESE,Department of Energy Science and Engineering,Type 5,Work Hours: 08:00-17:00 (Mon-Fri) | Lunch Break: 12:00-13:00,28.543659784851393,77.1969060904988
PROF-ESE-022,ESE,Department of Energy Science and Engineering,Type 4,Work Hours: 08:00-17:00 (Mon-Fri) | Lunch Break: 12:00-13:00,28.54511315685864,77.18263569267164
PROF-ESE-023,ESE,Department of Energy Science and Engineering,Type 4,Work Hours: 08:00-17:00 (Mon-Fri) | Lunch Break: 12:00-13:00,28.544988879292514,77.18207899261974
PROF-ESE-024,ESE,Department of Energy Science and Engineering,Type 5,Work Hours: 08:00-17:00 (Mon-Fri) | Lunch Break: 12:00-13:00,28.543842978532663,77.19724338092898
PROF-ESE-025,ESE,Department of Energy Science and Engineering,Type 5,Work Hours: 08:00-17:00 (Mon-Fri) | Lunch Break: 12:00-13:00,28.543374669200738,77.19739607928899
PROF-ESE-026,ESE,Department of Energy Science and Engineering,Type 5,Work Hours: 08:00-17:00 (Mon-Fri) | Lunch Break: 12:00-13:00,28.547795411764707,77.18750731764706
PROF-ESE-027,ESE,Department of Energy Science and Engineering,Chattpura,Work Hours: 08:00-17:00 (Mon-Fri) | Lunch Break: 12:00-13:00,28.525717230618127,77.19609605877636
PROF-ESE-028,ESE,Department of Energy Science and Engineering,Type 4,Work Hours: 08:00-17:00 (Mon-Fri) | Lunch Break: 12:00-13:00,28.547984850971325,77.1869061657239
PROF-ESE-029,ESE,Department of Energy Science and Engineering,SDA,Work Hours: 08:00-17:00 (Mon-Fri) | Lunch Break: 12:00-13:00,28.547006045281204,77.1983858350681
PROF-ESE-030,ESE,Department of Energy Science and Engineering,SDA,Work Hours: 08:00-17:00 (Mon-Fri) | Lunch Break: 12:00-13:00,28.551504256104913,77.20292431989407
PROF-ESE-031,ESE,Department of Energy Science and Engineering,Type 4,Work Hours: 08:00-17:00 (Mon-Fri) | Lunch Break: 12:00-13:00,28.545045417574922,77.18194880306689
PROF-ESE-032,ESE,Department of Energy Science and Engineering,SDA,Work Hours: 08:00-17:00 (Mon-Fri) | Lunch Break: 12:00-13:00,28.551504256104913,77.20292431989407
PROF-ESE-033,ESE,Department of Energy Science and Engineering,SDA,Work Hours: 08:00-17:00 (Mon-Fri) | Lunch Break: 12:00-13:00,28.547006045281204,77.1983858350681
PROF-HSS-001,HSS,Department of Humanities and Social Sciences,SDA,Work Hours: 08:00-17:00 (Mon-Fri) | Lunch Break: 12:00-13:00,28.550151033461166,77.2033898428355
PROF-HSS-002,HSS,Department of Humanities and Social Sciences,Type 4,Work Hours: 08:00-17:00 (Mon-Fri) | Lunch Break: 12:00-13:00,28.545268,77.1824851
PROF-HSS-003,HSS,Department of Humanities and Social Sciences,SDA,Work Hours: 08:00-17:00 (Mon-Fri) | Lunch Break: 12:00-13:00,28.551223696711133,77.20291315472657
PROF-HSS-004,HSS,Department of Humanities and Social Sciences,Chattpura,Work Hours: 08:00-17:00 (Mon-Fri) | Lunch Break: 12:00-13:00,28.527146942061034,77.19485248389145
PROF-HSS-005,HSS,Department of Humanities and Social Sciences,Type 4,Work Hours: 08:00-17:00 (Mon-Fri) | Lunch Break: 12:00-13:00,28.54511315685864,77.18263569267164
PROF-HSS-006,HSS,Department of Humanities and Social Sciences,SDA,Work Hours: 08:00-17:00 (Mon-Fri) | Lunch Break: 12:00-13:00,28.55025683283223,77.19792022624164
PROF-HSS-007,HSS,Department of Humanities and Social Sciences,Type 4,Work Hours: 08:00-17:00 (Mon-Fri) | Lunch Break: 12:00-13:00,28.54814281282443,77.18675792243887
PROF-HSS-008,HSS,Department of Humanities and Social Sciences,SDA,Work Hours: 08:00-17:00 (Mon-Fri) | Lunch Break: 12:00-13:00,28.549926252030083,77.19926867111695
PROF-HSS-009,HSS,Department of Humanities and Social Sciences,Type 4,Work Hours: 08:00-17:00 (Mon-Fri) | Lunch Break: 12:00-13:00,28.544988879292514,77.18207899261974
PROF-HSS-010,HSS,Department of Humanities and Social Sciences,SDA,Work Hours: 08:00-17:00 (Mon-Fri) | Lunch Break: 12:00-13:00,28.550385249394157,77.20326861844832
PROF-HSS-011,HSS,Department of Humanities and Social Sciences,Type 4,Work Hours: 08:00-17:00 (Mon-Fri) | Lunch Break: 12:00-13:00,28.545852646153847,77.18051134615385
PROF-HSS-012,HSS,Department of Humanities and Social Sciences,SDA,Work Hours: 08:00-17:00 (Mon-Fri) | Lunch Break: 12:00-13:00,28.549926252030083,77.19926867111695
PROF-HSS-013,HSS,Department of Humanities and Social Sciences,SDA,Work Hours: 08:00-17:00 (Mon-Fri) | Lunch Break: 12:00-13:00,28.547006045281204,77.1983858350681
PROF-HSS-014,HSS,Department of Humanities and Social Sciences,SDA,Work Hours: 08:00-17:00 (Mon-Fri) | Lunch Break: 12:00-13:00,28.55025683283223,77.19792022624164
PROF-HSS-015,HSS,Department of Humanities and Social Sciences,Type 4,Work Hours: 08:00-17:00 (Mon-Fri) | Lunch Break: 12:00-13:00,28.544719908847366,77.1825712666906
PROF-HSS-016,HSS,Department of Humanities and Social Sciences,SDA,Work Hours: 08:00-17:00 (Mon-Fri) | Lunch Break: 12:00-13:00,28.550151033461166,77.2033898428355
PROF-HSS-017,HSS,Department of Humanities and Social Sciences,Type 4,Work Hours: 08:00-17:00 (Mon-Fri) | Lunch Break: 12:00-13:00,28.544719908847366,77.1825712666906
PROF-HSS-018,HSS,Department of Humanities and Social Sciences,Type 4,Work Hours: 08:00-17:00 (Mon-Fri) | Lunch Break: 12:00-13:00,28.5480177958514,77.1860334484874
PROF-HSS-019,HSS,Department of Humanities and Social Sciences,Type 5,Work Hours: 08:00-17:00 (Mon-Fri) | Lunch Break: 12:00-13:00,28.548654707692307,77.18675785384616
PROF-HSS-020,HSS,Department of Humanities and Social Sciences,Type 5,Work Hours: 08:00-17:00 (Mon-Fri) | Lunch Break: 12:00-13:00,28.543659784851393,77.1969060904988
PROF-HSS-021,HSS,Department of Humanities and Social Sciences,SDA,Work Hours: 08:00-17:00 (Mon-Fri) | Lunch Break: 12:00-13:00,28.549511658171532,77.19790485074229
PROF-HSS-022,HSS,Department of Humanities and Social Sciences,Type 5,Work Hours: 08:00-17:00 (Mon-Fri) | Lunch Break: 12:00-13:00,28.543842978532663,77.19724338092898
PROF-HSS-023,HSS,Department of Humanities and Social Sciences,SDA,Work Hours: 08:00-17:00 (Mon-Fri) | Lunch Break: 12:00-13:00,28.546789597640686,77.19626633589982
PROF-HSS-024,HSS,Department of Humanities and Social Sciences,SDA,Work Hours: 08:00-17:00 (Mon-Fri) | Lunch Break: 12:00-13:00,28.549863207312644,77.20158312432359
PROF-HSS-025,HSS,Department of Humanities and Social Sciences,Type 4,Work Hours: 08:00-17:00 (Mon-Fri) | Lunch Break: 12:00-13:00,28.548459669605684,77.18726978407116
PROF-HSS-026,HSS,Department of Humanities and Social Sciences,SDA,Work Hours: 08:00-17:00 (Mon-Fri) | Lunch Break: 12:00-13:00,28.549926252030083,77.19926867111695
PROF-HSS-027,HSS,Department of Humanities and Social Sciences,SDA,Work Hours: 08:00-17:00 (Mon-Fri) | Lunch Break: 12:00-13:00,28.547593738749566,77.19798383555234
PROF-HSS-028,HSS,Department of Humanities and Social Sciences,SDA,Work Hours: 08:00-17:00 (Mon-Fri) | Lunch Break: 12:00-13:00,28.550385249394157,77.20326861844832
PROF-HSS-029,HSS,Department of Humanities and Social Sciences,New Multi Story,Work Hours: 08:00-17:00 (Mon-Fri) | Lunch Break: 12:00-13:00,28.5433179,77.180888
PROF-HSS-030,HSS,Department of Humanities and Social Sciences,New Multi Story,Work Hours: 08:00-17:00 (Mon-Fri) | Lunch Break: 12:00-13:00,28.5450044,77.1817453
PROF-HSS-031,HSS,Department of Humanities and Social Sciences,SDA,Work Hours: 08:00-17:00 (Mon-Fri) | Lunch Break: 12:00-13:00,28.550151033461166,77.2033898428355
PROF-HSS-032,HSS,Department of Humanities and Social Sciences,SDA,Work Hours: 08:00-17:00 (Mon-Fri) | Lunch Break: 12:00-13:00,28.550151033461166,77.2033898428355
PROF-HSS-033,HSS,Department of Humanities and Social Sciences,Type 5,Work Hours: 08:00-17:00 (Mon-Fri) | Lunch Break: 12:00-13:00,28.543892743506845,77.1964418717659
PROF-HSS-034,HSS,Department of Humanities and Social Sciences,Type 5,Work Hours: 08:00-17:00 (Mon-Fri) | Lunch Break: 12:00-13:00,28.547799088235294,77.18699740588235
PROF-HSS-035,HSS,Department of Humanities and Social Sciences,Type 4,Work Hours: 08:00-17:00 (Mon-Fri) | Lunch Break: 12:00-13:00,28.545002579025223,77.18249506043074
PROF-HSS-036,HSS,Department of Humanities and Social Sciences,Chattpura,Work Hours: 08:00-17:00 (Mon-Fri) | Lunch Break: 12:00-13:00,28.5248953473511,77.19682374462963
PROF-HSS-037,HSS,Department of Humanities and Social Sciences,SDA,Work Hours: 08:00-17:00 (Mon-Fri) | Lunch Break: 12:00-13:00,28.55025683283223,77.19792022624164
PROF-HSS-038,HSS,Department of Humanities and Social Sciences,Nalanda Apt.,Work Hours: 08:00-17:00 (Mon-Fri) | Lunch Break: 12:00-13:00,28.54585482,77.18326782
PROF-HSS-039,HSS,Department of Humanities and Social Sciences,SDA,Work Hours: 08:00-17:00 (Mon-Fri) | Lunch Break: 12:00-13:00,28.547593738749566,77.19798383555234
PROF-HSS-040,HSS,Department of Humanities and Social Sciences,SDA,Work Hours: 08:00-17:00 (Mon-Fri) | Lunch Break: 12:00-13:00,28.550385249394157,77.20326861844832
PROF-HSS-041,HSS,Department of Humanities and Social Sciences,SDA,Work Hours: 08:00-17:00 (Mon-Fri) | Lunch Break: 12:00-13:00,28.549511658171532,77.19790485074229
PROF-HSS-042,HSS,Department of Humanities and Social Sciences,SDA,Work Hours: 08:00-17:00 (Mon-Fri) | Lunch Break: 12:00-13:00,28.549926252030083,77.19926867111695
PROF-HSS-043,HSS,Department of Humanities and Social Sciences,New Multi Story,Work Hours: 08:00-17:00 (Mon-Fri) | Lunch Break: 12:00-13:00,28.5450044,77.1817453
PROF-HSS-044,HSS,Department of Humanities and Social Sciences,SDA,Work Hours: 08:00-17:00 (Mon-Fri) | Lunch Break: 12:00-13:00,28.547006045281204,77.1983858350681
PROF-HSS-045,HSS,Department of Humanities and Social Sciences,Type 4,Work Hours: 08:00-17:00 (Mon-Fri) | Lunch Break: 12:00-13:00,28.545045417574922,77.18194880306689
PROF-HSS-046,HSS,Department of Humanities and Social Sciences,Type 4,Work Hours: 08:00-17:00 (Mon-Fri) | Lunch Break: 12:00-13:00,28.548213024599153,77.18703042734593
PROF-HSS-047,HSS,Department of Humanities and Social Sciences,Type 4,Work Hours: 08:00-17:00 (Mon-Fri) | Lunch Break: 12:00-13:00,28.54511315685864,77.18263569267164
PROF-HSS-048,HSS,Department of Humanities and Social Sciences,Nalanda Apt.,Work Hours: 08:00-17:00 (Mon-Fri) | Lunch Break: 12:00-13:00,28.54585482,77.18326782
PROF-HSS-049,HSS,Department of Humanities and Social Sciences,SDA,Work Hours: 08:00-17:00 (Mon-Fri) | Lunch Break: 12:00-13:00,28.549863207312644,77.20158312432359
PROF-MS-001,MS,Department of Management Studies,SDA,Work Hours: 08:00-17:00 (Mon-Fri) | Lunch Break: 12:00-13:00,28.551223696711133,77.20291315472657
PROF-MS-002,MS,Department of Management Studies,Type 4,Work Hours: 08:00-17:00 (Mon-Fri) | Lunch Break: 12:00-13:00,28.548459669605684,77.18726978407116
PROF-MS-003,MS,Department of Management Studies,Type 4,Work Hours: 08:00-17:00 (Mon-Fri) | Lunch Break: 12:00-13:00,28.545045417574922,77.18194880306689
PROF-MS-004,MS,Department of Management Studies,SDA,Work Hours: 08:00-17:00 (Mon-Fri) | Lunch Break: 12:00-13:00,28.54524591051283,77.20149392693476
PROF-MS-005,MS,Department of Management Studies,SDA,Work Hours: 08:00-17:00 (Mon-Fri) | Lunch Break: 12:00-13:00,28.55025683283223,77.19792022624164
PROF-MS-006,MS,Department of Management Studies,SDA,Work Hours: 08:00-17:00 (Mon-Fri) | Lunch Break: 12:00-13:00,28.55103329746801,77.20232165757409
PROF-MS-007,MS,Department of Management Studies,SDA,Work Hours: 08:00-17:00 (Mon-Fri) | Lunch Break: 12:00-13:00,28.546404551246027,77.19894213275559
PROF-MS-008,MS,Department of Management Studies,Type 4,Work Hours: 08:00-17:00 (Mon-Fri) | Lunch Break: 12:00-13:00,28.54759453010438,77.18704523653373
PROF-MS-009,MS,Department of Management Studies,Type 4,Work Hours: 08:00-17:00 (Mon-Fri) | Lunch Break: 12:00-13:00,28.547984850971325,77.1869061657239
PROF-MS-010,MS,Department of Management Studies,Nalanda Apt.,Work Hours: 08:00-17:00 (Mon-Fri) | Lunch Break: 12:00-13:00,28.54585482,77.18326782
PROF-MS-011,MS,Department of Management Studies,SDA,Work Hours: 08:00-17:00 (Mon-Fri) | Lunch Break: 12:00-13:00,28.55103329746801,77.20232165757409
PROF-MS-012,MS,Department of Management Studies,Nalanda Apt.,Work Hours: 08:00-17:00 (Mon-Fri) | Lunch Break: 12:00-13:00,28.54585482,77.18326782
PROF-MS-013,MS,Department of Management Studies,Type 4,Work Hours: 08:00-17:00 (Mon-Fri) | Lunch Break: 12:00-13:00,28.548459669605684,77.18726978407116
PROF-MS-014,MS,Department of Management Studies,SDA,Work Hours: 08:00-17:00 (Mon-Fri) | Lunch Break: 12:00-13:00,28.55103329746801,77.20232165757409
PROF-MS-015,MS,Department of Management Studies,Type 4,Work Hours: 08:00-17:00 (Mon-Fri) | Lunch Break: 12:00-13:00,28.544886732771126,77.18261133062138
PROF-MS-016,MS,Department of Management Studies,New Multi Story,Work Hours: 08:00-17:00 (Mon-Fri) | Lunch Break: 12:00-13:00,28.5433179,77.180888
PROF-MS-017,MS,Department of Management Studies,SDA,Work Hours: 08:00-17:00 (Mon-Fri) | Lunch Break: 12:00-13:00,28.550151033461166,77.2033898428355
PROF-MS-018,MS,Department of Management Studies,Type 4,Work Hours: 08:00-17:00 (Mon-Fri) | Lunch Break: 12:00-13:00,28.545045417574922,77.18194880306689
PROF-MS-019,MS,Department of Management Studies,SDA,Work Hours: 08:00-17:00 (Mon-Fri) | Lunch Break: 12:00-13:00,28.549926252030083,77.19926867111695
PROF-MS-020,MS,Department of Management Studies,Nalanda Apt.,Work Hours: 08:00-17:00 (Mon-Fri) | Lunch Break: 12:00-13:00,28.54585482,77.18326782
PROF-MS-021,MS,Department of Management Studies,Type 4,Work Hours: 08:00-17:00 (Mon-Fri) | Lunch Break: 12:00-13:00,28.545015385658203,77.18258702640524
PROF-MS-022,MS,Department of Management Studies,Nalanda Apt.,Work Hours: 08:00-17:00 (Mon-Fri) | Lunch Break: 12:00-13:00,28.54585482,77.18326782
PROF-MS-023,MS,Department of Management Studies,Type 4,Work Hours: 08:00-17:00 (Mon-Fri) | Lunch Break: 12:00-13:00,28.54511315685864,77.18263569267164
PROF-MS-024,MS,Department of Management Studies,New Multi Story,Work Hours: 08:00-17:00 (Mon-Fri) | Lunch Break: 12:00-13:00,28.5450044,77.1817453
PROF-MS-025,MS,Department of Management Studies,Type 5,Work Hours: 08:00-17:00 (Mon-Fri) | Lunch Break: 12:00-13:00,28.543892743506845,77.1964418717659
PROF-MS-026,MS,Department of Management Studies,Type 4,Work Hours: 08:00-17:00 (Mon-Fri) | Lunch Break: 12:00-13:00,28.544719908847366,77.1825712666906
PROF-MS-027,MS,Department of Management Studies,SDA,Work Hours: 08:00-17:00 (Mon-Fri) | Lunch Break: 12:00-13:00,28.55025683283223,77.19792022624164
PROF-MS-028,MS,Department of Management Studies,SDA,Work Hours: 08:00-17:00 (Mon-Fri) | Lunch Break: 12:00-13:00,28.547006045281204,77.1983858350681
PROF-MS-029,MS,Department of Management Studies,Type 5,Work Hours: 08:00-17:00 (Mon-Fri) | Lunch Break: 12:00-13:00,28.543374669200738,77.19739607928899
PROF-MS-030,MS,Department of Management Studies,New Multi Story,Work Hours: 08:00-17:00 (Mon-Fri) | Lunch Break: 12:00-13:00,28.5450044,77.1817453
PROF-MS-031,MS,Department of Management Studies,Type 4,Work Hours: 08:00-17:00 (Mon-Fri) | Lunch Break: 12:00-13:00,28.544886732771126,77.18261133062138
PROF-MS-032,MS,Department of Management Studies,SDA,Work Hours: 08:00-17:00 (Mon-Fri) | Lunch Break: 12:00-13:00,28.550516626512845,77.20311432414327
PROF-MS-033,MS,Department of Management Studies,SDA,Work Hours: 08:00-17:00 (Mon-Fri) | Lunch Break: 12:00-13:00,28.54524591051283,77.20149392693476
PROF-MSE-001,MSE,Department of Materials Science and Engineering,Type 4,Work Hours: 08:00-17:00 (Mon-Fri) | Lunch Break: 12:00-13:00,28.54511315685864,77.18263569267164
PROF-MSE-002,MSE,Department of Materials Science and Engineering,SDA,Work Hours: 08:00-17:00 (Mon-Fri) | Lunch Break: 12:00-13:00,28.551223696711133,77.20291315472657
PROF-MSE-003,MSE,Department of Materials Science and Engineering,Type 5,Work Hours: 08:00-17:00 (Mon-Fri) | Lunch Break: 12:00-13:00,28.543857296323303,77.19699686281403
PROF-MSE-004,MSE,Department of Materials Science and Engineering,SDA,Work Hours: 08:00-17:00 (Mon-Fri) | Lunch Break: 12:00-13:00,28.54524591051283,77.20149392693476
PROF-MSE-005,MSE,Department of Materials Science and Engineering,Type 4,Work Hours: 08:00-17:00 (Mon-Fri) | Lunch Break: 12:00-13:00,28.544886732771126,77.18261133062138
PROF-MSE-006,MSE,Department of Materials Science and Engineering,SDA,Work Hours: 08:00-17:00 (Mon-Fri) | Lunch Break: 12:00-13:00,28.547593738749566,77.19798383555234
PROF-MSE-007,MSE,Department of Materials Science and Engineering,Type 4,Work Hours: 08:00-17:00 (Mon-Fri) | Lunch Break: 12:00-13:00,28.545002579025223,77.18249506043074
PROF-MSE-008,MSE,Department of Materials Science and Engineering,Type 4,Work Hours: 08:00-17:00 (Mon-Fri) | Lunch Break: 12:00-13:00,28.544719908847366,77.1825712666906
PROF-MSE-009,MSE,Department of Materials Science and Engineering,Type 4,Work Hours: 08:00-17:00 (Mon-Fri) | Lunch Break: 12:00-13:00,28.545447577918868,77.18238524700153
PROF-MSE-010,MSE,Department of Materials Science and Engineering,Type 4,Work Hours: 08:00-17:00 (Mon-Fri) | Lunch Break: 12:00-13:00,28.545268,77.1824851
PROF-MSE-011,MSE,Department of Materials Science and Engineering,SDA,Work Hours: 08:00-17:00 (Mon-Fri) | Lunch Break: 12:00-13:00,28.550151033461166,77.2033898428355
PROF-MSE-012,MSE,Department of Materials Science and Engineering,SDA,Work Hours: 08:00-17:00 (Mon-Fri) | Lunch Break: 12:00-13:00,28.549863207312644,77.20158312432359
PROF-MSE-013,MSE,Department of Materials Science and Engineering,SDA,Work Hours: 08:00-17:00 (Mon-Fri) | Lunch Break: 12:00-13:00,28.549926252030083,77.19926867111695
PROF-MSE-014,MSE,Department of Materials Science and Engineering,SDA,Work Hours: 08:00-17:00 (Mon-Fri) | Lunch Break: 12:00-13:00,28.546789597640686,77.19626633589982
PROF-MSE-015,MSE,Department of Materials Science and Engineering,SDA,Work Hours: 08:00-17:00 (Mon-Fri) | Lunch Break: 12:00-13:00,28.551223696711133,77.20291315472657
PROF-MSE-016,MSE,Department of Materials Science and Engineering,Type 4,Work Hours: 08:00-17:00 (Mon-Fri) | Lunch Break: 12:00-13:00,28.54539580532508,77.1827515748043
PROF-MSE-017,MSE,Department of Materials Science and Engineering,Nalanda Apt.,Work Hours: 08:00-17:00 (Mon-Fri) | Lunch Break: 12:00-13:00,28.54585482,77.18326782
PROF-MSE-018,MSE,Department of Materials Science and Engineering,SDA,Work Hours: 08:00-17:00 (Mon-Fri) | Lunch Break: 12:00-13:00,28.551223696711133,77.20291315472657
PROF-MSE-019,MSE,Department of Materials Science and Engineering,Nalanda Apt.,Work Hours: 08:00-17:00 (Mon-Fri) | Lunch Break: 12:00-13:00,28.54585482,77.18326782
PROF-MSE-020,MSE,Department of Materials Science and Engineering,Type 4,Work Hours: 08:00-17:00 (Mon-Fri) | Lunch Break: 12:00-13:00,28.548213024599153,77.18703042734593
PROF-MSE-021,MSE,Department of Materials Science and Engineering,Type 4,Work Hours: 08:00-17:00 (Mon-Fri) | Lunch Break: 12:00-13:00,28.545447577918868,77.18238524700153
PROF-MAT-001,MAT,Department of Mathematics,Chattpura,Work Hours: 08:00-17:00 (Mon-Fri) | Lunch Break: 12:00-13:00,28.527724139793044,77.19406611422293
PROF-MAT-002,MAT,Department of Mathematics,SDA,Work Hours: 08:00-17:00 (Mon-Fri) | Lunch Break: 12:00-13:00,28.551504256104913,77.20292431989407
PROF-MAT-003,MAT,Department of Mathematics,Nalanda Apt.,Work Hours: 08:00-17:00 (Mon-Fri) | Lunch Break: 12:00-13:00,28.54585482,77.18326782
PROF-MAT-004,MAT,Department of Mathematics,SDA,Work Hours: 08:00-17:00 (Mon-Fri) | Lunch Break: 12:00-13:00,28.55103329746801,77.20232165757409
PROF-MAT-005,MAT,Department of Mathematics,Type 4,Work Hours: 08:00-17:00 (Mon-Fri) | Lunch Break: 12:00-13:00,28.548213024599153,77.18703042734593
PROF-MAT-006,MAT,Department of Mathematics,SDA,Work Hours: 08:00-17:00 (Mon-Fri) | Lunch Break: 12:00-13:00,28.550516626512845,77.20311432414327
PROF-MAT-007,MAT,Department of Mathematics,SDA,Work Hours: 08:00-17:00 (Mon-Fri) | Lunch Break: 12:00-13:00,28.550151033461166,77.2033898428355
PROF-MAT-008,MAT,Department of Mathematics,New Multi Story,Work Hours: 08:00-17:00 (Mon-Fri) | Lunch Break: 12:00-13:00,28.5450044,77.1817453
PROF-MAT-009,MAT,Department of Mathematics,SDA,Work Hours: 08:00-17:00 (Mon-Fri) | Lunch Break: 12:00-13:00,28.550385249394157,77.20326861844832
PROF-MAT-010,MAT,Department of Mathematics,SDA,Work Hours: 08:00-17:00 (Mon-Fri) | Lunch Break: 12:00-13:00,28.54524591051283,77.20149392693476
PROF-MAT-011,MAT,Department of Mathematics,SDA,Work Hours: 08:00-17:00 (Mon-Fri) | Lunch Break: 12:00-13:00,28.550151033461166,77.2033898428355
PROF-MAT-012,MAT,Department of Mathematics,SDA,Work Hours: 08:00-17:00 (Mon-Fri) | Lunch Break: 12:00-13:00,28.549863207312644,77.20158312432359
PROF-MAT-013,MAT,Department of Mathematics,New Multi Story,Work Hours: 08:00-17:00 (Mon-Fri) | Lunch Break: 12:00-13:00,28.5433179,77.180888
PROF-MAT-014,MAT,Department of Mathematics,SDA,Work Hours: 08:00-17:00 (Mon-Fri) | Lunch Break: 12:00-13:00,28.55025683283223,77.19792022624164
PROF-MAT-015,MAT,Department of Mathematics,SDA,Work Hours: 08:00-17:00 (Mon-Fri) | Lunch Break: 12:00-13:00,28.54524591051283,77.20149392693476
PROF-MAT-016,MAT,Department of Mathematics,Type 4,Work Hours: 08:00-17:00 (Mon-Fri) | Lunch Break: 12:00-13:00,28.54539580532508,77.1827515748043
PROF-MAT-017,MAT,Department of Mathematics,SDA,Work Hours: 08:00-17:00 (Mon-Fri) | Lunch Break: 12:00-13:00,28.551223696711133,77.20291315472657
PROF-MAT-018,MAT,Department of Mathematics,Type 5,Work Hours: 08:00-17:00 (Mon-Fri) | Lunch Break: 12:00-13:00,28.543374669200738,77.19739607928899
PROF-MAT-019,MAT,Department of Mathematics,Type 4,Work Hours: 08:00-17:00 (Mon-Fri) | Lunch Break: 12:00-13:00,28.545447577918868,77.18238524700153
PROF-MAT-020,MAT,Department of Mathematics,New Multi Story,Work Hours: 08:00-17:00 (Mon-Fri) | Lunch Break: 12:00-13:00,28.5450044,77.1817453
PROF-MAT-021,MAT,Department of Mathematics,Type 5,Work Hours: 08:00-17:00 (Mon-Fri) | Lunch Break: 12:00-13:00,28.543842978532663,77.19724338092898
PROF-MAT-022,MAT,Department of Mathematics,Type 4,Work Hours: 08:00-17:00 (Mon-Fri) | Lunch Break: 12:00-13:00,28.54814281282443,77.18675792243887
PROF-MAT-023,MAT,Department of Mathematics,Type 4,Work Hours: 08:00-17:00 (Mon-Fri) | Lunch Break: 12:00-13:00,28.545447577918868,77.18238524700153
PROF-MAT-024,MAT,Department of Mathematics,Type 4,Work Hours: 08:00-17:00 (Mon-Fri) | Lunch Break: 12:00-13:00,28.545002579025223,77.18249506043074
PROF-MAT-025,MAT,Department of Mathematics,Chattpura,Work Hours: 08:00-17:00 (Mon-Fri) | Lunch Break: 12:00-13:00,28.52659515102554,77.19514321012892
PROF-MAT-026,MAT,Department of Mathematics,SDA,Work Hours: 08:00-17:00 (Mon-Fri) | Lunch Break: 12:00-13:00,28.549863207312644,77.20158312432359
PROF-MAT-027,MAT,Department of Mathematics,Type 4,Work Hours: 08:00-17:00 (Mon-Fri) | Lunch Break: 12:00-13:00,28.548459669605684,77.18726978407116
PROF-MAT-028,MAT,Department of Mathematics,Chattpura,Work Hours: 08:00-17:00 (Mon-Fri) | Lunch Break: 12:00-13:00,28.528064513885887,77.19073529129149
PROF-MAT-029,MAT,Department of Mathematics,Type 5,Work Hours: 08:00-17:00 (Mon-Fri) | Lunch Break: 12:00-13:00,28.5437311,77.197072
PROF-MAT-030,MAT,Department of Mathematics,Type 4,Work Hours: 08:00-17:00 (Mon-Fri) | Lunch Break: 12:00-13:00,28.548009620083914,77.18708922633229
PROF-MAT-031,MAT,Department of Mathematics,SDA,Work Hours: 08:00-17:00 (Mon-Fri) | Lunch Break: 12:00-13:00,28.55025683283223,77.19792022624164
PROF-MAT-032,MAT,Department of Mathematics,SDA,Work Hours: 08:00-17:00 (Mon-Fri) | Lunch Break: 12:00-13:00,28.546404551246027,77.19894213275559
PROF-MAT-033,MAT,Department of Mathematics,Type 4,Work Hours: 08:00-17:00 (Mon-Fri) | Lunch Break: 12:00-13:00,28.545447577918868,77.18238524700153
PROF-MAT-034,MAT,Department of Mathematics,Type 5,Work Hours: 08:00-17:00 (Mon-Fri) | Lunch Break: 12:00-13:00,28.54733810769231,77.18737388461538
PROF-MAT-035,MAT,Department of Mathematics,New Multi Story,Work Hours: 08:00-17:00 (Mon-Fri) | Lunch Break: 12:00-13:00,28.5450044,77.1817453
PROF-MAT-036,MAT,Department of Mathematics,SDA,Work Hours: 08:00-17:00 (Mon-Fri) | Lunch Break: 12:00-13:00,28.550385249394157,77.20326861844832
PROF-MAT-037,MAT,Department of Mathematics,SDA,Work Hours: 08:00-17:00 (Mon-Fri) | Lunch Break: 12:00-13:00,28.547006045281204,77.1983858350681
PROF-ME-001,ME,Department of Mechanical Engineering,Type 5,Work Hours: 08:00-17:00 (Mon-Fri) | Lunch Break: 12:00-13:00,28.543659784851393,77.1969060904988
PROF-ME-002,ME,Department of Mechanical Engineering,Type 5,Work Hours: 08:00-17:00 (Mon-Fri) | Lunch Break: 12:00-13:00,28.543297625664366,77.19693245475156
PROF-ME-003,ME,Department of Mechanical Engineering,Type 4,Work Hours: 08:00-17:00 (Mon-Fri) | Lunch Break: 12:00-13:00,28.547920179785653,77.18666862446504
PROF-ME-004,ME,Department of Mechanical Engineering,Type 4,Work Hours: 08:00-17:00 (Mon-Fri) | Lunch Break: 12:00-13:00,28.548009620083914,77.18708922633229
PROF-ME-005,ME,Department of Mechanical Engineering,Chattpura,Work Hours: 08:00-17:00 (Mon-Fri) | Lunch Break: 12:00-13:00,28.528064513885887,77.19073529129149
PROF-ME-006,ME,Department of Mechanical Engineering,Type 4,Work Hours: 08:00-17:00 (Mon-Fri) | Lunch Break: 12:00-13:00,28.54539580532508,77.1827515748043
PROF-ME-007,ME,Department of Mechanical Engineering,Nalanda Apt.,Work Hours: 08:00-17:00 (Mon-Fri) | Lunch Break: 12:00-13:00,28.54585482,77.18326782
PROF-ME-008,ME,Department of Mechanical Engineering,SDA,Work Hours: 08:00-17:00 (Mon-Fri) | Lunch Break: 12:00-13:00,28.551504256104913,77.20292431989407
PROF-ME-009,ME,Department of Mechanical Engineering,Type 4,Work Hours: 08:00-17:00 (Mon-Fri) | Lunch Break: 12:00-13:00,28.548009620083914,77.18708922633229
PROF-ME-010,ME,Department of Mechanical Engineering,SDA,Work Hours: 08:00-17:00 (Mon-Fri) | Lunch Break: 12:00-13:00,28.547593738749566,77.19798383555234
PROF-ME-011,ME,Department of Mechanical Engineering,SDA,Work Hours: 08:00-17:00 (Mon-Fri) | Lunch Break: 12:00-13:00,28.549511658171532,77.19790485074229
PROF-ME-012,ME,Department of Mechanical Engineering,Nalanda Apt.,Work Hours: 08:00-17:00 (Mon-Fri) | Lunch Break: 12:00-13:00,28.54585482,77.18326782
PROF-ME-013,ME,Department of Mechanical Engineering,New Multi Story,Work Hours: 08:00-17:00 (Mon-Fri) | Lunch Break: 12:00-13:00,28.5433179,77.180888
PROF-ME-014,ME,Department of Mechanical Engineering,Type 5,Work Hours: 08:00-17:00 (Mon-Fri) | Lunch Break: 12:00-13:00,28.543842978532663,77.19724338092898
PROF-ME-015,ME,Department of Mechanical Engineering,Type 4,Work Hours: 08:00-17:00 (Mon-Fri) | Lunch Break: 12:00-13:00,28.5480472,77.1868123
PROF-ME-016,ME,Department of Mechanical Engineering,SDA,Work Hours: 08:00-17:00 (Mon-Fri) | Lunch Break: 12:00-13:00,28.547006045281204,77.1983858350681
PROF-ME-017,ME,Department of Mechanical Engineering,Type 4,Work Hours: 08:00-17:00 (Mon-Fri) | Lunch Break: 12:00-13:00,28.54759453010438,77.18704523653373
PROF-ME-018,ME,Department of Mechanical Engineering,Type 4,Work Hours: 08:00-17:00 (Mon-Fri) | Lunch Break: 12:00-13:00,28.545847385340092,77.18240537459992
PROF-ME-019,ME,Department of Mechanical Engineering,SDA,Work Hours: 08:00-17:00 (Mon-Fri) | Lunch Break: 12:00-13:00,28.551223696711133,77.20291315472657
PROF-ME-020,ME,Department of Mechanical Engineering,SDA,Work Hours: 08:00-17:00 (Mon-Fri) | Lunch Break: 12:00-13:00,28.546789597640686,77.19626633589982
PROF-ME-021,ME,Department of Mechanical Engineering,SDA,Work Hours: 08:00-17:00 (Mon-Fri) | Lunch Break: 12:00-13:00,28.549926252030083,77.19926867111695
PROF-ME-022,ME,Department of Mechanical Engineering,Type 5,Work Hours: 08:00-17:00 (Mon-Fri) | Lunch Break: 12:00-13:00,28.543892743506845,77.1964418717659
PROF-ME-023,ME,Department of Mechanical Engineering,SDA,Work Hours: 08:00-17:00 (Mon-Fri) | Lunch Break: 12:00-13:00,28.546404551246027,77.19894213275559
PROF-ME-024,ME,Department of Mechanical Engineering,Nalanda Apt.,Work Hours: 08:00-17:00 (Mon-Fri) | Lunch Break: 12:00-13:00,28.54585482,77.18326782
PROF-ME-025,ME,Department of Mechanical Engineering,SDA,Work Hours: 08:00-17:00 (Mon-Fri) | Lunch Break: 12:00-13:00,28.551504256104913,77.20292431989407
PROF-ME-026,ME,Department of Mechanical Engineering,New Multi Story,Work Hours: 08:00-17:00 (Mon-Fri) | Lunch Break: 12:00-13:00,28.5433179,77.180888
PROF-ME-027,ME,Department of Mechanical Engineering,Type 5,Work Hours: 08:00-17:00 (Mon-Fri) | Lunch Break: 12:00-13:00,28.543374669200738,77.19739607928899
PROF-ME-028,ME,Department of Mechanical Engineering,SDA,Work Hours: 08:00-17:00 (Mon-Fri) | Lunch Break: 12:00-13:00,28.550151033461166,77.2033898428355
PROF-ME-029,ME,Department of Mechanical Engineering,Chattpura,Work Hours: 08:00-17:00 (Mon-Fri) | Lunch Break: 12:00-13:00,28.52728699164709,77.19020443383705
PROF-ME-030,ME,Department of Mechanical Engineering,SDA,Work Hours: 08:00-17:00 (Mon-Fri) | Lunch Break: 12:00-13:00,28.546404551246027,77.19894213275559
PROF-ME-031,ME,Department of Mechanical Engineering,Type 4,Work Hours: 08:00-17:00 (Mon-Fri) | Lunch Break: 12:00-13:00,28.545447577918868,77.18238524700153
PROF-ME-032,ME,Department of Mechanical Engineering,SDA,Work Hours: 08:00-17:00 (Mon-Fri) | Lunch Break: 12:00-13:00,28.551504256104913,77.20292431989407
PROF-ME-033,ME,Department of Mechanical Engineering,SDA,Work Hours: 08:00-17:00 (Mon-Fri) | Lunch Break: 12:00-13:00,28.55025683283223,77.19792022624164
PROF-ME-034,ME,Department of Mechanical Engineering,Type 5,Work Hours: 08:00-17:00 (Mon-Fri) | Lunch Break: 12:00-13:00,28.547795411764707,77.18750731764706
PROF-ME-035,ME,Department of Mechanical Engineering,SDA,Work Hours: 08:00-17:00 (Mon-Fri) | Lunch Break: 12:00-13:00,28.54524591051283,77.20149392693476
PROF-ME-036,ME,Department of Mechanical Engineering,Chattpura,Work Hours: 08:00-17:00 (Mon-Fri) | Lunch Break: 12:00-13:00,28.525278862222933,77.19474585451268
PROF-ME-037,ME,Department of Mechanical Engineering,Type 4,Work Hours: 08:00-17:00 (Mon-Fri) | Lunch Break: 12:00-13:00,28.544886732771126,77.18261133062138
PROF-ME-038,ME,Department of Mechanical Engineering,Type 4,Work Hours: 08:00-17:00 (Mon-Fri) | Lunch Break: 12:00-13:00,28.545268,77.1824851
PROF-ME-039,ME,Department of Mechanical Engineering,Type 4,Work Hours: 08:00-17:00 (Mon-Fri) | Lunch Break: 12:00-13:00,28.54539580532508,77.1827515748043
PROF-ME-040,ME,Department of Mechanical Engineering,SDA,Work Hours: 08:00-17:00 (Mon-Fri) | Lunch Break: 12:00-13:00,28.549863207312644,77.20158312432359
PROF-ME-041,ME,Department of Mechanical Engineering,New Multi Story,Work Hours: 08:00-17:00 (Mon-Fri) | Lunch Break: 12:00-13:00,28.5433179,77.180888
PROF-ME-042,ME,Department of Mechanical Engineering,SDA,Work Hours: 08:00-17:00 (Mon-Fri) | Lunch Break: 12:00-13:00,28.550516626512845,77.20311432414327
PROF-ME-043,ME,Department of Mechanical Engineering,Type 4,Work Hours: 08:00-17:00 (Mon-Fri) | Lunch Break: 12:00-13:00,28.547984850971325,77.1869061657239
PROF-ME-044,ME,Department of Mechanical Engineering,Type 5,Work Hours: 08:00-17:00 (Mon-Fri) | Lunch Break: 12:00-13:00,28.543374669200738,77.19739607928899
PROF-ME-045,ME,Department of Mechanical Engineering,Type 4,Work Hours: 08:00-17:00 (Mon-Fri) | Lunch Break: 12:00-13:00,28.5480177958514,77.1860334484874
PROF-ME-046,ME,Department of Mechanical Engineering,Chattpura,Work Hours: 08:00-17:00 (Mon-Fri) | Lunch Break: 12:00-13:00,28.524091137412203,77.1924536833434
PROF-ME-047,ME,Department of Mechanical Engineering,SDA,Work Hours: 08:00-17:00 (Mon-Fri) | Lunch Break: 12:00-13:00,28.55103329746801,77.20232165757409
PROF-ME-048,ME,Department of Mechanical Engineering,SDA,Work Hours: 08:00-17:00 (Mon-Fri) | Lunch Break: 12:00-13:00,28.550385249394157,77.20326861844832
PROF-ME-049,ME,Department of Mechanical Engineering,SDA,Work Hours: 08:00-17:00 (Mon-Fri) | Lunch Break: 12:00-13:00,28.550385249394157,77.20326861844832
PROF-ME-050,ME,Department of Mechanical Engineering,New Multi Story,Work Hours: 08:00-17:00 (Mon-Fri) | Lunch Break: 12:00-13:00,28.5433179,77.180888
PROF-ME-051,ME,Department of Mechanical Engineering,Type 4,Work Hours: 08:00-17:00 (Mon-Fri) | Lunch Break: 12:00-13:00,28.545268,77.1824851
PROF-ME-052,ME,Department of Mechanical Engineering,SDA,Work Hours: 08:00-17:00 (Mon-Fri) | Lunch Break: 12:00-13:00,28.549926252030083,77.19926867111695
PROF-ME-053,ME,Department of Mechanical Engineering,SDA,Work Hours: 08:00-17:00 (Mon-Fri) | Lunch Break: 12:00-13:00,28.550385249394157,77.20326861844832
PROF-ME-054,ME,Department of Mechanical Engineering,Type 4,Work Hours: 08:00-17:00 (Mon-Fri) | Lunch Break: 12:00-13:00,28.548187827256495,77.1865158128228
PROF-ME-055,ME,Department of Mechanical Engineering,SDA,Work Hours: 08:00-17:00 (Mon-Fri) | Lunch Break: 12:00-13:00,28.551223696711133,77.20291315472657
PROF-ME-056,ME,Department of Mechanical Engineering,SDA,Work Hours: 08:00-17:00 (Mon-Fri) | Lunch Break: 12:00-13:00,28.551504256104913,77.20292431989407
PROF-ME-057,ME,Department of Mechanical Engineering,Type 4,Work Hours: 08:00-17:00 (Mon-Fri) | Lunch Break: 12:00-13:00,28.545268,77.1824851
PROF-PHY-001,PHY,Department of Physics,SDA,Work Hours: 08:00-17:00 (Mon-Fri) | Lunch Break: 12:00-13:00,28.551504256104913,77.20292431989407
PROF-PHY-002,PHY,Department of Physics,Type 4,Work Hours: 08:00-17:00 (Mon-Fri) | Lunch Break: 12:00-13:00,28.548459669605684,77.18726978407116
PROF-PHY-003,PHY,Department of Physics,SDA,Work Hours: 08:00-17:00 (Mon-Fri) | Lunch Break: 12:00-13:00,28.549511658171532,77.19790485074229
PROF-PHY-004,PHY,Department of Physics,SDA,Work Hours: 08:00-17:00 (Mon-Fri) | Lunch Break: 12:00-13:00,28.547006045281204,77.1983858350681
PROF-PHY-005,PHY,Department of Physics,Type 4,Work Hours: 08:00-17:00 (Mon-Fri) | Lunch Break: 12:00-13:00,28.547920179785653,77.18666862446504
PROF-PHY-006,PHY,Department of Physics,SDA,Work Hours: 08:00-17:00 (Mon-Fri) | Lunch Break: 12:00-13:00,28.547006045281204,77.1983858350681
PROF-PHY-007,PHY,Department of Physics,Type 4,Work Hours: 08:00-17:00 (Mon-Fri) | Lunch Break: 12:00-13:00,28.544988879292514,77.18207899261974
PROF-PHY-008,PHY,Department of Physics,Type 5,Work Hours: 08:00-17:00 (Mon-Fri) | Lunch Break: 12:00-13:00,28.543297625664366,77.19693245475156
PROF-PHY-009,PHY,Department of Physics,SDA,Work Hours: 08:00-17:00 (Mon-Fri) | Lunch Break: 12:00-13:00,28.54524591051283,77.20149392693476
PROF-PHY-010,PHY,Department of Physics,SDA,Work Hours: 08:00-17:00 (Mon-Fri) | Lunch Break: 12:00-13:00,28.550385249394157,77.20326861844832
PROF-PHY-011,PHY,Department of Physics,Type 5,Work Hours: 08:00-17:00 (Mon-Fri) | Lunch Break: 12:00-13:00,28.543842978532663,77.19724338092898
PROF-PHY-012,PHY,Department of Physics,Type 5,Work Hours: 08:00-17:00 (Mon-Fri) | Lunch Break: 12:00-13:00,28.5437311,77.197072
PROF-PHY-013,PHY,Department of Physics,New Multi Story,Work Hours: 08:00-17:00 (Mon-Fri) | Lunch Break: 12:00-13:00,28.5433179,77.180888
PROF-PHY-014,PHY,Department of Physics,SDA,Work Hours: 08:00-17:00 (Mon-Fri) | Lunch Break: 12:00-13:00,28.547006045281204,77.1983858350681
PROF-PHY-015,PHY,Department of Physics,Type 4,Work Hours: 08:00-17:00 (Mon-Fri) | Lunch Break: 12:00-13:00,28.545268,77.1824851
PROF-PHY-016,PHY,Department of Physics,SDA,Work Hours: 08:00-17:00 (Mon-Fri) | Lunch Break: 12:00-13:00,28.549926252030083,77.19926867111695
PROF-PHY-017,PHY,Department of Physics,Type 4,Work Hours: 08:00-17:00 (Mon-Fri) | Lunch Break: 12:00-13:00,28.547920179785653,77.18666862446504
PROF-PHY-018,PHY,Department of Physics,Type 5,Work Hours: 08:00-17:00 (Mon-Fri) | Lunch Break: 12:00-13:00,28.543852392909596,77.19740532875272
PROF-PHY-019,PHY,Department of Physics,SDA,Work Hours: 08:00-17:00 (Mon-Fri) | Lunch Break: 12:00-13:00,28.551223696711133,77.20291315472657
PROF-PHY-020,PHY,Department of Physics,SDA,Work Hours: 08:00-17:00 (Mon-Fri) | Lunch Break: 12:00-13:00,28.550516626512845,77.20311432414327
PROF-PHY-021,PHY,Department of Physics,Type 4,Work Hours: 08:00-17:00 (Mon-Fri) | Lunch Break: 12:00-13:00,28.545045417574922,77.18194880306689
PROF-PHY-022,PHY,Department of Physics,Type 4,Work Hours: 08:00-17:00 (Mon-Fri) | Lunch Break: 12:00-13:00,28.547984850971325,77.1869061657239
PROF-PHY-023,PHY,Department of Physics,Type 4,Work Hours: 08:00-17:00 (Mon-Fri) | Lunch Break: 12:00-13:00,28.545847385340092,77.18240537459992
PROF-PHY-024,PHY,Department of Physics,Nalanda Apt.,Work Hours: 08:00-17:00 (Mon-Fri) | Lunch Break: 12:00-13:00,28.54585482,77.18326782
PROF-PHY-025,PHY,Department of Physics,SDA,Work Hours: 08:00-17:00 (Mon-Fri) | Lunch Break: 12:00-13:00,28.546404551246027,77.19894213275559
PROF-PHY-026,PHY,Department of Physics,Type 4,Work Hours: 08:00-17:00 (Mon-Fri) | Lunch Break: 12:00-13:00,28.5480472,77.1868123
PROF-PHY-027,PHY,Department of Physics,New Multi Story,Work Hours: 08:00-17:00 (Mon-Fri) | Lunch Break: 12:00-13:00,28.5433179,77.180888
PROF-PHY-028,PHY,Department of Physics,Type 4,Work Hours: 08:00-17:00 (Mon-Fri) | Lunch Break: 12:00-13:00,28.54814281282443,77.18675792243887
PROF-PHY-029,PHY,Department of Physics,SDA,Work Hours: 08:00-17:00 (Mon-Fri) | Lunch Break: 12:00-13:00,28.550151033461166,77.2033898428355
PROF-PHY-030,PHY,Department of Physics,Chattpura,Work Hours: 08:00-17:00 (Mon-Fri) | Lunch Break: 12:00-13:00,28.524374986563085,77.19154458994143
PROF-PHY-031,PHY,Department of Physics,Type 4,Work Hours: 08:00-17:00 (Mon-Fri) | Lunch Break: 12:00-13:00,28.548187827256495,77.1865158128228
PROF-PHY-032,PHY,Department of Physics,Type 4,Work Hours: 08:00-17:00 (Mon-Fri) | Lunch Break: 12:00-13:00,28.544886732771126,77.18261133062138
PROF-PHY-033,PHY,Department of Physics,Type 4,Work Hours: 08:00-17:00 (Mon-Fri) | Lunch Break: 12:00-13:00,28.54759453010438,77.18704523653373
PROF-PHY-034,PHY,Department of Physics,Type 4,Work Hours: 08:00-17:00 (Mon-Fri) | Lunch Break: 12:00-13:00,28.548187827256495,77.1865158128228
PROF-PHY-035,PHY,Department of Physics,SDA,Work Hours: 08:00-17:00 (Mon-Fri) | Lunch Break: 12:00-13:00,28.549926252030083,77.19926867111695
PROF-PHY-036,PHY,Department of Physics,SDA,Work Hours: 08:00-17:00 (Mon-Fri) | Lunch Break: 12:00-13:00,28.549926252030083,77.19926867111695
PROF-PHY-037,PHY,Department of Physics,SDA,Work Hours: 08:00-17:00 (Mon-Fri) | Lunch Break: 12:00-13:00,28.546789597640686,77.19626633589982
PROF-PHY-038,PHY,Department of Physics,Type 5,Work Hours: 08:00-17:00 (Mon-Fri) | Lunch Break: 12:00-13:00,28.544109158286513,77.19714253370135
PROF-PHY-039,PHY,Department of Physics,SDA,Work Hours: 08:00-17:00 (Mon-Fri) | Lunch Break: 12:00-13:00,28.547593738749566,77.19798383555234
PROF-PHY-040,PHY,Department of Physics,Type 4,Work Hours: 08:00-17:00 (Mon-Fri) | Lunch Break: 12:00-13:00,28.54511315685864,77.18263569267164
PROF-PHY-041,PHY,Department of Physics,SDA,Work Hours: 08:00-17:00 (Mon-Fri) | Lunch Break: 12:00-13:00,28.547006045281204,77.1983858350681
PROF-PHY-042,PHY,Department of Physics,Type 5,Work Hours: 08:00-17:00 (Mon-Fri) | Lunch Break: 12:00-13:00,28.543842978532663,77.19724338092898
PROF-PHY-043,PHY,Department of Physics,New Multi Story,Work Hours: 08:00-17:00 (Mon-Fri) | Lunch Break: 12:00-13:00,28.5450044,77.1817453
PROF-PHY-044,PHY,Department of Physics,Type 4,Work Hours: 08:00-17:00 (Mon-Fri) | Lunch Break: 12:00-13:00,28.547984850971325,77.1869061657239
PROF-PHY-045,PHY,Department of Physics,Type 5,Work Hours: 08:00-17:00 (Mon-Fri) | Lunch Break: 12:00-13:00,28.5437311,77.197072
PROF-PHY-046,PHY,Department of Physics,SDA,Work Hours: 08:00-17:00 (Mon-Fri) | Lunch Break: 12:00-13:00,28.550151033461166,77.2033898428355
PROF-PHY-047,PHY,Department of Physics,Type 4,Work Hours: 08:00-17:00 (Mon-Fri) | Lunch Break: 12:00-13:00,28.545268,77.1824851
PROF-PHY-048,PHY,Department of Physics,SDA,Work Hours: 08:00-17:00 (Mon-Fri) | Lunch Break: 12:00-13:00,28.54524591051283,77.20149392693476
PROF-PHY-049,PHY,Department of Physics,SDA,Work Hours: 08:00-17:00 (Mon-Fri) | Lunch Break: 12:00-13:00,28.549511658171532,77.19790485074229
PROF-PHY-050,PHY,Department of Physics,SDA,Work Hours: 08:00-17:00 (Mon-Fri) | Lunch Break: 12:00-13:00,28.549926252030083,77.19926867111695
PROF-PHY-051,PHY,Department of Physics,SDA,Work Hours: 08:00-17:00 (Mon-Fri) | Lunch Break: 12:00-13:00,28.55025683283223,77.19792022624164
PROF-PHY-052,PHY,Department of Physics,Type 4,Work Hours: 08:00-17:00 (Mon-Fri) | Lunch Break: 12:00-13:00,28.545852646153847,77.18051134615385
PROF-PHY-053,PHY,Department of Physics,Type 4,Work Hours: 08:00-17:00 (Mon-Fri) | Lunch Break: 12:00-13:00,28.545847385340092,77.18240537459992
PROF-PHY-054,PHY,Department of Physics,SDA,Work Hours: 08:00-17:00 (Mon-Fri) | Lunch Break: 12:00-13:00,28.54524591051283,77.20149392693476
PROF-PHY-055,PHY,Department of Physics,SDA,Work Hours: 08:00-17:00 (Mon-Fri) | Lunch Break: 12:00-13:00,28.546404551246027,77.19894213275559
PROF-PHY-056,PHY,Department of Physics,Type 5,Work Hours: 08:00-17:00 (Mon-Fri) | Lunch Break: 12:00-13:00,28.543892743506845,77.1964418717659
PROF-PHY-057,PHY,Department of Physics,Chattpura,Work Hours: 08:00-17:00 (Mon-Fri) | Lunch Break: 12:00-13:00,28.52728699164709,77.19020443383705
PROF-PHY-058,PHY,Department of Physics,Nalanda Apt.,Work Hours: 08:00-17:00 (Mon-Fri) | Lunch Break: 12:00-13:00,28.54585482,77.18326782
PROF-PHY-059,PHY,Department of Physics,Chattpura,Work Hours: 08:00-17:00 (Mon-Fri) | Lunch Break: 12:00-13:00,28.524374986563085,77.19154458994143
PROF-TT-001,TT,Department of Textile Technology,Type 4,Work Hours: 08:00-17:00 (Mon-Fri) | Lunch Break: 12:00-13:00,28.5480177958514,77.1860334484874
PROF-TT-002,TT,Department of Textile Technology,Type 5,Work Hours: 08:00-17:00 (Mon-Fri) | Lunch Break: 12:00-13:00,28.54307950888638,77.19726879069604
PROF-TT-003,TT,Department of Textile Technology,SDA,Work Hours: 08:00-17:00 (Mon-Fri) | Lunch Break: 12:00-13:00,28.546404551246027,77.19894213275559
PROF-TT-004,TT,Department of Textile Technology,SDA,Work Hours: 08:00-17:00 (Mon-Fri) | Lunch Break: 12:00-13:00,28.546789597640686,77.19626633589982
PROF-TT-005,TT,Department of Textile Technology,Type 5,Work Hours: 08:00-17:00 (Mon-Fri) | Lunch Break: 12:00-13:00,28.548654707692307,77.18675785384616
PROF-TT-006,TT,Department of Textile Technology,Type 4,Work Hours: 08:00-17:00 (Mon-Fri) | Lunch Break: 12:00-13:00,28.548213024599153,77.18703042734593
PROF-TT-007,TT,Department of Textile Technology,Nalanda Apt.,Work Hours: 08:00-17:00 (Mon-Fri) | Lunch Break: 12:00-13:00,28.54585482,77.18326782
PROF-TT-008,TT,Department of Textile Technology,Type 4,Work Hours: 08:00-17:00 (Mon-Fri) | Lunch Break: 12:00-13:00,28.544988879292514,77.18207899261974
PROF-TT-009,TT,Department of Textile Technology,Chattpura,Work Hours: 08:00-17:00 (Mon-Fri) | Lunch Break: 12:00-13:00,28.52728699164709,77.19020443383705
PROF-TT-010,TT,Department of Textile Technology,Type 4,Work Hours: 08:00-17:00 (Mon-Fri) | Lunch Break: 12:00-13:00,28.548307111114916,77.18660473535047
PROF-TT-011,TT,Department of Textile Technology,SDA,Work Hours: 08:00-17:00 (Mon-Fri) | Lunch Break: 12:00-13:00,28.550385249394157,77.20326861844832
PROF-TT-012,TT,Department of Textile Technology,Type 4,Work Hours: 08:00-17:00 (Mon-Fri) | Lunch Break: 12:00-13:00,28.54539580532508,77.1827515748043
PROF-TT-013,TT,Department of Textile Technology,Type 4,Work Hours: 08:00-17:00 (Mon-Fri) | Lunch Break: 12:00-13:00,28.5480472,77.1868123
PROF-TT-014,TT,Department of Textile Technology,New Multi Story,Work Hours: 08:00-17:00 (Mon-Fri) | Lunch Break: 12:00-13:00,28.5450044,77.1817453
PROF-TT-015,TT,Department of Textile Technology,SDA,Work Hours: 08:00-17:00 (Mon-Fri) | Lunch Break: 12:00-13:00,28.55025683283223,77.19792022624164
PROF-TT-016,TT,Department of Textile Technology,Type 4,Work Hours: 08:00-17:00 (Mon-Fri) | Lunch Break: 12:00-13:00,28.5480177958514,77.1860334484874
PROF-TT-017,TT,Department of Textile Technology,Type 4,Work Hours: 08:00-17:00 (Mon-Fri) | Lunch Break: 12:00-13:00,28.548009620083914,77.18708922633229
PROF-TT-018,TT,Department of Textile Technology,SDA,Work Hours: 08:00-17:00 (Mon-Fri) | Lunch Break: 12:00-13:00,28.54524591051283,77.20149392693476
PROF-TT-019,TT,Department of Textile Technology,SDA,Work Hours: 08:00-17:00 (Mon-Fri) | Lunch Break: 12:00-13:00,28.546789597640686,77.19626633589982
PROF-TT-020,TT,Department of Textile Technology,SDA,Work Hours: 08:00-17:00 (Mon-Fri) | Lunch Break: 12:00-13:00,28.547593738749566,77.19798383555234
PROF-TT-021,TT,Department of Textile Technology,SDA,Work Hours: 08:00-17:00 (Mon-Fri) | Lunch Break: 12:00-13:00,28.551504256104913,77.20292431989407
PROF-TT-022,TT,Department of Textile Technology,SDA,Work Hours: 08:00-17:00 (Mon-Fri) | Lunch Break: 12:00-13:00,28.551504256104913,77.20292431989407
PROF-TT-023,TT,Department of Textile Technology,Type 4,Work Hours: 08:00-17:00 (Mon-Fri) | Lunch Break: 12:00-13:00,28.545015385658203,77.18258702640524
PROF-TT-024,TT,Department of Textile Technology,SDA,Work Hours: 08:00-17:00 (Mon-Fri) | Lunch Break: 12:00-13:00,28.551223696711133,77.20291315472657
PROF-TT-025,TT,Department of Textile Technology,Type 4,Work Hours: 08:00-17:00 (Mon-Fri) | Lunch Break: 12:00-13:00,28.54539580532508,77.1827515748043
PROF-TT-026,TT,Department of Textile Technology,SDA,Work Hours: 08:00-17:00 (Mon-Fri) | Lunch Break: 12:00-13:00,28.549863207312644,77.20158312432359
PROF-TT-027,TT,Department of Textile Technology,Nalanda Apt.,Work Hours: 08:00-17:00 (Mon-Fri) | Lunch Break: 12:00-13:00,28.54585482,77.18326782
PROF-REG-001,REG,Office of Registrar,SDA,Work Hours: 08:00-17:00 (Mon-Fri) | Lunch Break: 12:00-13:00,28.550516626512845,77.20311432414327
PROF-OP-001,OP,Optics and Photonics Centre,Nalanda Apt.,Work Hours: 08:00-17:00 (Mon-Fri) | Lunch Break: 12:00-13:00,28.54585482,77.18326782
PROF-OP-002,OP,Optics and Photonics Centre,Nalanda Apt.,Work Hours: 08:00-17:00 (Mon-Fri) | Lunch Break: 12:00-13:00,28.54585482,77.18326782
PROF-OP-003,OP,Optics and Photonics Centre,Type 4,Work Hours: 08:00-17:00 (Mon-Fri) | Lunch Break: 12:00-13:00,28.548187827256495,77.1865158128228
PROF-OP-004,OP,Optics and Photonics Centre,SDA,Work Hours: 08:00-17:00 (Mon-Fri) | Lunch Break: 12:00-13:00,28.546789597640686,77.19626633589982
PROF-OP-005,OP,Optics and Photonics Centre,SDA,Work Hours: 08:00-17:00 (Mon-Fri) | Lunch Break: 12:00-13:00,28.549511658171532,77.19790485074229
PROF-OP-006,OP,Optics and Photonics Centre,Type 4,Work Hours: 08:00-17:00 (Mon-Fri) | Lunch Break: 12:00-13:00,28.545852646153847,77.18051134615385
PROF-OP-007,OP,Optics and Photonics Centre,SDA,Work Hours: 08:00-17:00 (Mon-Fri) | Lunch Break: 12:00-13:00,28.551504256104913,77.20292431989407
PROF-OP-008,OP,Optics and Photonics Centre,Chattpura,Work Hours: 08:00-17:00 (Mon-Fri) | Lunch Break: 12:00-13:00,28.525514378457842,77.19491639862909
PROF-OP-009,OP,Optics and Photonics Centre,Nalanda Apt.,Work Hours: 08:00-17:00 (Mon-Fri) | Lunch Break: 12:00-13:00,28.54585482,77.18326782
PROF-BS-001,BS,School of Biological Sciences,SDA,Work Hours: 08:00-17:00 (Mon-Fri) | Lunch Break: 12:00-13:00,28.551504256104913,77.20292431989407
PROF-BS-002,BS,School of Biological Sciences,SDA,Work Hours: 08:00-17:00 (Mon-Fri) | Lunch Break: 12:00-13:00,28.549863207312644,77.20158312432359
PROF-BS-003,BS,School of Biological Sciences,Chattpura,Work Hours: 08:00-17:00 (Mon-Fri) | Lunch Break: 12:00-13:00,28.52416618004905,77.19270594438103
PROF-BS-004,BS,School of Biological Sciences,SDA,Work Hours: 08:00-17:00 (Mon-Fri) | Lunch Break: 12:00-13:00,28.550151033461166,77.2033898428355
PROF-BS-005,BS,School of Biological Sciences,Type 5,Work Hours: 08:00-17:00 (Mon-Fri) | Lunch Break: 12:00-13:00,28.543842978532663,77.19724338092898
PROF-BS-006,BS,School of Biological Sciences,Type 4,Work Hours: 08:00-17:00 (Mon-Fri) | Lunch Break: 12:00-13:00,28.54759453010438,77.18704523653373
PROF-BS-007,BS,School of Biological Sciences,SDA,Work Hours: 08:00-17:00 (Mon-Fri) | Lunch Break: 12:00-13:00,28.550516626512845,77.20311432414327
PROF-BS-008,BS,School of Biological Sciences,Type 5,Work Hours: 08:00-17:00 (Mon-Fri) | Lunch Break: 12:00-13:00,28.544270281462364,77.19674102212781
PROF-BS-009,BS,School of Biological Sciences,Type 4,Work Hours: 08:00-17:00 (Mon-Fri) | Lunch Break: 12:00-13:00,28.54539580532508,77.1827515748043
PROF-BS-010,BS,School of Biological Sciences,Type 5,Work Hours: 08:00-17:00 (Mon-Fri) | Lunch Break: 12:00-13:00,28.543374669200738,77.19739607928899
PROF-BS-011,BS,School of Biological Sciences,Type 4,Work Hours: 08:00-17:00 (Mon-Fri) | Lunch Break: 12:00-13:00,28.5480472,77.1868123
PROF-BS-012,BS,School of Biological Sciences,SDA,Work Hours: 08:00-17:00 (Mon-Fri) | Lunch Break: 12:00-13:00,28.54524591051283,77.20149392693476
PROF-BS-013,BS,School of Biological Sciences,Type 4,Work Hours: 08:00-17:00 (Mon-Fri) | Lunch Break: 12:00-13:00,28.548307111114916,77.18660473535047
PROF-BS-014,BS,School of Biological Sciences,Type 4,Work Hours: 08:00-17:00 (Mon-Fri) | Lunch Break: 12:00-13:00,28.544719908847366,77.1825712666906
PROF-BS-015,BS,School of Biological Sciences,SDA,Work Hours: 08:00-17:00 (Mon-Fri) | Lunch Break: 12:00-13:00,28.550385249394157,77.20326861844832
PROF-BS-016,BS,School of Biological Sciences,Type 5,Work Hours: 08:00-17:00 (Mon-Fri) | Lunch Break: 12:00-13:00,28.543857296323303,77.19699686281403
PROF-BS-017,BS,School of Biological Sciences,Type 4,Work Hours: 08:00-17:00 (Mon-Fri) | Lunch Break: 12:00-13:00,28.545847385340092,77.18240537459992
PROF-BS-018,BS,School of Biological Sciences,Type 4,Work Hours: 08:00-17:00 (Mon-Fri) | Lunch Break: 12:00-13:00,28.545045417574922,77.18194880306689
PROF-BS-019,BS,School of Biological Sciences,Type 5,Work Hours: 08:00-17:00 (Mon-Fri) | Lunch Break: 12:00-13:00,28.543374669200738,77.19739607928899
PROF-BS-020,BS,School of Biological Sciences,New Multi Story,Work Hours: 08:00-17:00 (Mon-Fri) | Lunch Break: 12:00-13:00,28.5450044,77.1817453
PROF-BS-021,BS,School of Biological Sciences,Type 5,Work Hours: 08:00-17:00 (Mon-Fri) | Lunch Break: 12:00-13:00,28.543374669200738,77.19739607928899
PROF-BS-022,BS,School of Biological Sciences,Type 4,Work Hours: 08:00-17:00 (Mon-Fri) | Lunch Break: 12:00-13:00,28.548187827256495,77.1865158128228
PROF-PP-001,PP,School of Public Policy,SDA,Work Hours: 08:00-17:00 (Mon-Fri) | Lunch Break: 12:00-13:00,28.550151033461166,77.2033898428355
PROF-PP-002,PP,School of Public Policy,Type 4,Work Hours: 08:00-17:00 (Mon-Fri) | Lunch Break: 12:00-13:00,28.54511315685864,77.18263569267164
PROF-PP-003,PP,School of Public Policy,SDA,Work Hours: 08:00-17:00 (Mon-Fri) | Lunch Break: 12:00-13:00,28.55025683283223,77.19792022624164
PROF-PP-004,PP,School of Public Policy,SDA,Work Hours: 08:00-17:00 (Mon-Fri) | Lunch Break: 12:00-13:00,28.549863207312644,77.20158312432359
PROF-PP-005,PP,School of Public Policy,SDA,Work Hours: 08:00-17:00 (Mon-Fri) | Lunch Break: 12:00-13:00,28.547006045281204,77.1983858350681
PROF-PP-006,PP,School of Public Policy,SDA,Work Hours: 08:00-17:00 (Mon-Fri) | Lunch Break: 12:00-13:00,28.546789597640686,77.19626633589982
PROF-PP-007,PP,School of Public Policy,Type 4,Work Hours: 08:00-17:00 (Mon-Fri) | Lunch Break: 12:00-13:00,28.54814281282443,77.18675792243887
PROF-PP-008,PP,School of Public Policy,Chattpura,Work Hours: 08:00-17:00 (Mon-Fri) | Lunch Break: 12:00-13:00,28.524498206257892,77.19410425951267
PROF-PP-009,PP,School of Public Policy,Type 4,Work Hours: 08:00-17:00 (Mon-Fri) | Lunch Break: 12:00-13:00,28.544719908847366,77.1825712666906
PROF-PP-010,PP,School of Public Policy,SDA,Work Hours: 08:00-17:00 (Mon-Fri) | Lunch Break: 12:00-13:00,28.54524591051283,77.20149392693476
PROF-PP-011,PP,School of Public Policy,Type 4,Work Hours: 08:00-17:00 (Mon-Fri) | Lunch Break: 12:00-13:00,28.545002579025223,77.18249506043074
PROF-PP-012,PP,School of Public Policy,SDA,Work Hours: 08:00-17:00 (Mon-Fri) | Lunch Break: 12:00-13:00,28.546789597640686,77.19626633589982
PROF-PP-013,PP,School of Public Policy,Type 4,Work Hours: 08:00-17:00 (Mon-Fri) | Lunch Break: 12:00-13:00,28.545002579025223,77.18249506043074
PROF-PP-014,PP,School of Public Policy,SDA,Work Hours: 08:00-17:00 (Mon-Fri) | Lunch Break: 12:00-13:00,28.549863207312644,77.20158312432359
PROF-TRIP-001,TRIP,Transportation research and injury prevention - centre,Type 4,Work Hours: 08:00-17:00 (Mon-Fri) | Lunch Break: 12:00-13:00,28.54511315685864,77.18263569267164
PROF-TRIP-002,TRIP,Transportation research and injury prevention - centre,Type 4,Work Hours: 08:00-17:00 (Mon-Fri) | Lunch Break: 12:00-13:00,28.545002579025223,77.18249506043074
PROF-TCRIPP-001,TCRIPP,TRIP Centre-Transportation Research and Injury Prevention Programme,Type 4,Work Hours: 08:00-17:00 (Mon-Fri) | Lunch Break: 12:00-13:00,28.545268,77.1824851
PROF-TCRIPP-002,TCRIPP,TRIP Centre-Transportation Research and Injury Prevention Programme,Nalanda Apt.,Work Hours: 08:00-17:00 (Mon-Fri) | Lunch Break: 12:00-13:00,28.54585482,77.18326782
PROF-TCRIPP-003,TCRIPP,TRIP Centre-Transportation Research and Injury Prevention Programme,SDA,Work Hours: 08:00-17:00 (Mon-Fri) | Lunch Break: 12:00-13:00,28.549926252030083,77.19926867111695
PROF-TCRIPP-004,TCRIPP,TRIP Centre-Transportation Research and Injury Prevention Programme,Chattpura,Work Hours: 08:00-17:00 (Mon-Fri) | Lunch Break: 12:00-13:00,28.527724139793044,77.19406611422293
PROF-YAI-001,YAI,Yardi school of artificial intelligence,Type 4,Work Hours: 08:00-17:00 (Mon-Fri) | Lunch Break: 12:00-13:00,28.54814281282443,77.18675792243887
PROF-YAI-002,YAI,Yardi school of artificial intelligence,SDA,Work Hours: 08:00-17:00 (Mon-Fri) | Lunch Break: 12:00-13:00,28.55103329746801,77.20232165757409
PROF-YAI-003,YAI,Yardi school of artificial intelligence,Nalanda Apt.,Work Hours: 08:00-17:00 (Mon-Fri) | Lunch Break: 12:00-13:00,28.54585482,77.18326782
PROF-YAI-004,YAI,Yardi school of artificial intelligence,SDA,Work Hours: 08:00-17:00 (Mon-Fri) | Lunch Break: 12:00-13:00,28.549511658171532,77.19790485074229
